A,p,D_over_Dc,D,s,margin
2,0.01,0.15,3.826237790413578e-06,0.15,0.42501251111769967
2,0.01,0.15,3.826237790413578e-06,0.48239918373219925,0.4250124688235313
2,0.01,0.15,3.826237790413578e-06,0.8147983674643985,0.4250123563520365
2,0.01,0.15,3.826237790413578e-06,1.1471975511965977,0.4250122050137408
2,0.01,0.15,3.826237790413578e-06,1.4795967349287968,0.4250120282880192
2,0.01,0.15,3.826237790413578e-06,1.8119959186609962,0.42501184602378417
2,0.01,0.15,3.826237790413578e-06,2.1443951023931955,0.4250116781939799
2,0.01,0.15,3.826237790413578e-06,2.4767942861253944,0.4250115430845989
2,0.01,0.15,3.826237790413578e-06,2.8091934698575938,0.4250114558388176
2,0.01,0.15,3.826237790413578e-06,3.141592653589793,0.42501142563719907
2,0.01,0.3,7.652475580827156e-06,0.15,0.35002331702325873
2,0.01,0.3,7.652475580827156e-06,0.48239918373219925,0.35002309527539843
2,0.01,0.3,7.652475580827156e-06,0.8147983674643985,0.35002267219388616
2,0.01,0.3,7.652475580827156e-06,1.1471975511965977,0.3500220883147347
2,0.01,0.3,7.652475580827156e-06,1.4795967349287968,0.3500214089002971
2,0.01,0.3,7.652475580827156e-06,1.8119959186609962,0.3500207084657301
2,0.01,0.3,7.652475580827156e-06,2.1443951023931955,0.35002006343334924
2,0.01,0.3,7.652475580827156e-06,2.4767942861253944,0.3500195445610257
2,0.01,0.3,7.652475580827156e-06,2.8091934698575938,0.3500192085543383
2,0.01,0.3,7.652475580827156e-06,3.141592653589793,0.35001909229266426
2,0.01,0.5,1.275412596804526e-05,0.15,0.2500350076938971
2,0.01,0.5,1.275412596804526e-05,0.48239918373219925,0.25003443579344253
2,0.01,0.5,1.275412596804526e-05,0.8147983674643985,0.250033320396589
2,0.01,0.5,1.275412596804526e-05,1.1471975511965977,0.2500317864797468
2,0.01,0.5,1.275412596804526e-05,1.4795967349287968,0.25003000119179575
2,0.01,0.5,1.275412596804526e-05,1.8119959186609962,0.2500281603759438
2,0.01,0.5,1.275412596804526e-05,2.1443951023931955,0.25002646524366967
2,0.01,0.5,1.275412596804526e-05,2.4767942861253944,0.2500251017489987
2,0.01,0.5,1.275412596804526e-05,2.8091934698575938,0.25002421892400584
2,0.01,0.5,1.275412596804526e-05,3.141592653589793,0.25002391351194264
2,0.01,0.7,1.7855776355263362e-05,0.15,0.15004362991042797
2,0.01,0.7,1.7855776355263362e-05,0.48239918373219925,0.1500425684394442
2,0.01,0.7,1.7855776355263362e-05,0.8147983674643985,0.15004050783009282
2,0.01,0.7,1.7855776355263362e-05,1.1471975511965977,0.15003767261809497
2,0.01,0.7,1.7855776355263362e-05,1.4795967349287968,0.15003437331906944
2,0.01,0.7,1.7855776355263362e-05,1.8119959186609962,0.1500309712572474
2,0.01,0.7,1.7855776355263362e-05,2.1443951023931955,0.15002783872309378
2,0.01,0.7,1.7855776355263362e-05,2.4767942861253944,0.1500253187763716
2,0.01,0.7,1.7855776355263362e-05,2.8091934698575938,0.15002368725141868
2,0.01,0.7,1.7855776355263362e-05,3.141592653589793,0.15002312281181118
2,0.01,0.85,2.1682014145676943e-05,0.15,0.07504807700603444
2,0.01,0.85,2.1682014145676943e-05,0.48239918373219925,0.07504658517054486
2,0.01,0.85,2.1682014145676943e-05,0.8147983674643985,0.07504368445791165
2,0.01,0.85,2.1682014145676943e-05,1.1471975511965977,0.07503969388062015
2,0.01,0.85,2.1682014145676943e-05,1.4795967349287968,0.07503505022222345
2,0.01,0.85,2.1682014145676943e-05,1.8119959186609962,0.07503026178851324
2,0.01,0.85,2.1682014145676943e-05,2.1443951023931955,0.07502585276548124
2,0.01,0.85,2.1682014145676943e-05,2.4767942861253944,0.07502230591528702
2,0.01,0.85,2.1682014145676943e-05,2.8091934698575938,0.07502000955219446
2,0.01,0.85,2.1682014145676943e-05,3.141592653589793,0.07501921510246534
2,0.01,1.0,2.550825193609052e-05,0.15,5.079854015188623e-05
2,0.01,1.0,2.550825193609052e-05,0.48239918373219925,4.883225635432531e-05
2,0.01,1.0,2.550825193609052e-05,0.8147983674643985,4.50084511640636e-05
2,0.01,1.0,2.550825193609052e-05,1.1471975511965977,3.9748239091697e-05
2,0.01,1.0,2.550825193609052e-05,1.4795967349287968,3.362701905929022e-05
2,0.01,1.0,2.550825193609052e-05,1.8119959186609962,2.7314851231530213e-05
2,0.01,1.0,2.550825193609052e-05,2.1443951023931955,2.1502886520474718e-05
2,0.01,1.0,2.550825193609052e-05,2.4767942861253944,1.682744750453047e-05
2,0.01,1.0,2.550825193609052e-05,2.8091934698575938,1.3800383342088551e-05
2,0.01,1.0,2.550825193609052e-05,3.141592653589793,1.2753149243760475e-05
2,0.014028505520066743,0.15,7.591845220861204e-06,0.15,0.4250248496600437
2,0.014028505520066743,0.15,7.591845220861204e-06,0.48239918373219925,0.42502473595501855
2,0.014028505520066743,0.15,7.591845220861204e-06,0.8147983674643985,0.42502451652064654
2,0.014028505520066743,0.15,7.591845220861204e-06,1.1471975511965977,0.4250242152903425
2,0.014028505520066743,0.15,7.591845220861204e-06,1.4795967349287968,0.4250238647702349
2,0.014028505520066743,0.15,7.591845220861204e-06,1.8119959186609962,0.4250235031085601
2,0.014028505520066743,0.15,7.591845220861204e-06,2.1443951023931955,0.425023170259613
2,0.014028505520066743,0.15,7.591845220861204e-06,2.4767942861253944,0.4250229024276617
2,0.014028505520066743,0.15,7.591845220861204e-06,2.8091934698575938,0.4250227291139479
2,0.014028505520066743,0.15,7.591845220861204e-06,3.141592653589793,0.4250226690455001
2,0.014028505520066743,0.3,1.5183690441722408e-05,0.15,0.3500462545362355
2,0.014028505520066743,0.3,1.5183690441722408e-05,0.48239918373219925,0.3500458252614136
2,0.014028505520066743,0.3,1.5183690441722408e-05,0.8147983674643985,0.350044983416278
2,0.014028505520066743,0.3,1.5183690441722408e-05,1.1471975511965977,0.35004382490375807
2,0.014028505520066743,0.3,1.5183690441722408e-05,1.4795967349287968,0.3500424770984496
2,0.014028505520066743,0.3,1.5183690441722408e-05,1.8119959186609962,0.35004108722124605
2,0.014028505520066743,0.3,1.5183690441722408e-05,2.1443951023931955,0.35003980746813124
2,0.014028505520066743,0.3,1.5183690441722408e-05,2.4767942861253944,0.3500387779788299
2,0.014028505520066743,0.3,1.5183690441722408e-05,2.8091934698575938,0.35003811146276376
2,0.014028505520066743,0.3,1.5183690441722408e-05,3.141592653589793,0.3500378809085709
2,0.014028505520066743,0.5,2.5306150736204014e-05,0.15,0.25006946340470004
2,0.014028505520066743,0.5,2.5306150736204014e-05,0.48239918373219925,0.2500683232938794
2,0.014028505520066743,0.5,2.5306150736204014e-05,0.8147983674643985,0.250066110878548
2,0.014028505520066743,0.5,2.5306150736204014e-05,1.1471975511965977,0.2500630672900883
2,0.014028505520066743,0.5,2.5306150736204014e-05,1.4795967349287968,0.25005952535235787
2,0.014028505520066743,0.5,2.5306150736204014e-05,1.8119959186609962,0.2500558729848428
2,0.014028505520066743,0.5,2.5306150736204014e-05,2.1443951023931955,0.2500525100367337
2,0.014028505520066743,0.5,2.5306150736204014e-05,2.4767942861253944,0.25004980464219484
2,0.014028505520066743,0.5,2.5306150736204014e-05,2.8091934698575938,0.250048053095425
2,0.014028505520066743,0.5,2.5306150736204014e-05,3.141592653589793,0.25004744711471827
2,0.014028505520066743,0.7,3.542861103068562e-05,0.15,0.150086564673636
2,0.014028505520066743,0.7,3.542861103068562e-05,0.48239918373219925,0.15008446022205213
2,0.014028505520066743,0.7,3.542861103068562e-05,0.8147983674643985,0.15008037161090693
2,0.014028505520066743,0.7,3.542861103068562e-05,1.1471975511965977,0.15007474641363583
2,0.014028505520066743,0.7,3.542861103068562e-05,1.4795967349287968,0.1500682005849323
2,0.014028505520066743,0.7,3.542861103068562e-05,1.8119959186609962,0.15006145057445708
2,0.014028505520066743,0.7,3.542861103068562e-05,2.1443951023931955,0.15005523538643128
2,0.014028505520066743,0.7,3.542861103068562e-05,2.4767942861253944,0.15005023548138596
2,0.014028505520066743,0.7,3.542861103068562e-05,2.8091934698575938,0.1500469983361552
2,0.014028505520066743,0.7,3.542861103068562e-05,3.141592653589793,0.15004587840123973
2,0.014028505520066743,0.85,4.302045625154682e-05,0.15,0.07509539116258601
2,0.014028505520066743,0.85,4.302045625154682e-05,0.48239918373219925,0.07509242946353267
2,0.014028505520066743,0.85,4.302045625154682e-05,0.8147983674643985,0.07508667465073948
2,0.014028505520066743,0.85,4.302045625154682e-05,1.1471975511965977,0.07507875716230084
2,0.014028505520066743,0.85,4.302045625154682e-05,1.4795967349287968,0.07506954376033992
2,0.014028505520066743,0.85,4.302045625154682e-05,1.8119959186609962,0.07506004295249413
2,0.014028505520066743,0.85,4.302045625154682e-05,2.1443951023931955,0.07505129488849138
2,0.014028505520066743,0.85,4.302045625154682e-05,2.4767942861253944,0.07504425737228426
2,0.014028505520066743,0.85,4.302045625154682e-05,2.8091934698575938,0.07503970096340717
2,0.014028505520066743,0.85,4.302045625154682e-05,3.141592653589793,0.0750381246174785
2,0.014028505520066743,1.0,5.061230147240803e-05,0.15,0.00010079382402738979
2,0.014028505520066743,1.0,5.061230147240803e-05,0.48239918373219925,9.68881938734345e-05
2,0.014028505520066743,1.0,5.061230147240803e-05,0.8147983674643985,8.930204235113592e-05
2,0.014028505520066743,1.0,5.061230147240803e-05,1.1471975511965977,7.886511132326746e-05
2,0.014028505520066743,1.0,5.061230147240803e-05,1.4795967349287968,6.671980084016482e-05
2,0.014028505520066743,1.0,5.061230147240803e-05,1.8119959186609962,5.419561488007041e-05
2,0.014028505520066743,1.0,5.061230147240803e-05,2.1443951023931955,4.2663696533384865e-05
2,0.014028505520066743,1.0,5.061230147240803e-05,2.4767942861253944,3.3386649273214886e-05
2,0.014028505520066743,1.0,5.061230147240803e-05,2.8091934698575938,2.7380283365907587e-05
2,0.014028505520066743,1.0,5.061230147240803e-05,3.141592653589793,2.5302305357355337e-05
2,0.01967989671265431,0.15,1.5114188768355906e-05,0.15,0.4250494662367743
2,0.01967989671265431,0.15,1.5114188768355906e-05,0.48239918373219925,0.4250492395189722
2,0.01967989671265431,0.15,1.5114188768355906e-05,0.8147983674643985,0.4250488037177955
2,0.01967989671265431,0.15,1.5114188768355906e-05,1.1471975511965977,0.425048203892751
2,0.01967989671265431,0.15,1.5114188768355906e-05,1.4795967349287968,0.4250475060878074
2,0.01967989671265431,0.15,1.5114188768355906e-05,1.8119959186609962,0.42504678653553607
2,0.01967989671265431,0.15,1.5114188768355906e-05,2.1443951023931955,0.4250461240407981
2,0.01967989671265431,0.15,1.5114188768355906e-05,2.4767942861253944,0.4250455910613087
2,0.01967989671265431,0.15,1.5114188768355906e-05,2.8091934698575938,0.4250452459444065
2,0.01967989671265431,0.15,1.5114188768355906e-05,3.141592653589793,0.4250451266069919
2,0.01967989671265431,0.3,3.0228377536711813e-05,0.15,0.35009208384069845
2,0.01967989671265431,0.3,3.0228377536711813e-05,0.48239918373219925,0.3500912223011865
2,0.01967989671265431,0.3,3.0228377536711813e-05,0.8147983674643985,0.35008954672452375
2,0.01967989671265431,0.3,3.0228377536711813e-05,1.1471975511965977,0.35008724137616265
2,0.01967989671265431,0.3,3.0228377536711813e-05,1.4795967349287968,0.3500845586655523
2,0.01967989671265431,0.3,3.0228377536711813e-05,1.8119959186609962,0.3500817922399915
2,0.01967989671265431,0.3,3.0228377536711813e-05,2.1443951023931955,0.35007924499932286
2,0.01967989671265431,0.3,3.0228377536711813e-05,2.4767942861253944,0.35007719584122765
2,0.01967989671265431,0.3,3.0228377536711813e-05,2.8091934698575938,0.3500758691122168
2,0.01967989671265431,0.3,3.0228377536711813e-05,3.141592653589793,0.3500754101155623
2,0.01967989671265431,0.5,5.0380629227853024e-05,0.15,0.2501382787989048
2,0.01967989671265431,0.5,5.0380629227853024e-05,0.48239918373219925,0.2501360111374886
2,0.01967989671265431,0.5,5.0380629227853024e-05,0.8147983674643985,0.25013160751113417
2,0.01967989671265431,0.5,5.0380629227853024e-05,1.1471975511965977,0.2501255491616643
2,0.01967989671265431,0.5,5.0380629227853024e-05,1.4795967349287968,0.25011849900255667
2,0.01967989671265431,0.5,5.0380629227853024e-05,1.8119959186609962,0.2501112288388696
2,0.01967989671265431,0.5,5.0380629227853024e-05,2.1443951023931955,0.2501045345466182
2,0.01967989671265431,0.5,5.0380629227853024e-05,2.4767942861253944,0.25009914915922327
2,0.01967989671265431,0.5,5.0380629227853024e-05,2.8091934698575938,0.2500956623570407
2,0.01967989671265431,0.5,5.0380629227853024e-05,3.141592653589793,0.2500944560642828
2,0.01967989671265431,0.7,7.053288091899423e-05,0.15,0.15017232572200911
2,0.01967989671265431,0.7,7.053288091899423e-05,0.48239918373219925,0.15016813684734953
2,0.01967989671265431,0.7,7.053288091899423e-05,0.8147983674643985,0.1501599983931683
2,0.01967989671265431,0.7,7.053288091899423e-05,1.1471975511965977,0.15014880131027497
2,0.01967989671265431,0.7,7.053288091899423e-05,1.4795967349287968,0.15013577114001153
2,0.01967989671265431,0.7,7.053288091899423e-05,1.8119959186609962,0.1501223341155833
2,0.01967989671265431,0.7,7.053288091899423e-05,2.1443951023931955,0.15010996137360766
2,0.01967989671265431,0.7,7.053288091899423e-05,2.4767942861253944,0.15010000767368847
2,0.01967989671265431,0.7,7.053288091899423e-05,2.8091934698575938,0.1500935631042397
2,0.01967989671265431,0.7,7.053288091899423e-05,3.141592653589793,0.15009133350492898
2,0.01967989671265431,0.85,8.564706968735014e-05,0.15,0.07518989915626495
2,0.01967989671265431,0.85,8.564706968735014e-05,0.48239918373219925,0.07518400315893237
2,0.01967989671265431,0.85,8.564706968735014e-05,0.8147983674643985,0.07517254762691383
2,0.01967989671265431,0.85,8.564706968735014e-05,1.1471975511965977,0.07515678691198335
2,0.01967989671265431,0.85,8.564706968735014e-05,1.4795967349287968,0.07513844585526974
2,0.01967989671265431,0.85,8.564706968735014e-05,1.8119959186609962,0.07511953210991762
2,0.01967989671265431,0.85,8.564706968735014e-05,2.1443951023931955,0.07510211631726138
2,0.01967989671265431,0.85,8.564706968735014e-05,2.4767942861253944,0.0750881055145558
2,0.01967989671265431,0.85,8.564706968735014e-05,2.8091934698575938,0.07507903412185368
2,0.01967989671265431,0.85,8.564706968735014e-05,3.141592653589793,0.07507589574835327
2,0.01967989671265431,1.0,0.00010076125845570605,0.15,0.0002006536610070775
2,0.01967989671265431,1.0,0.00010076125845570605,0.48239918373219925,0.00019288028880826147
2,0.01967989671265431,1.0,0.00010076125845570605,0.8147983674643985,0.00017777888933845354
2,0.01967989671265431,1.0,0.00010076125845570605,1.1471975511965977,0.00015700204881952118
2,0.01967989671265431,1.0,0.00010076125845570605,1.4795967349287968,0.0001328236104560787
2,0.01967989671265431,1.0,0.00010076125845570605,1.8119959186609962,0.00010789013052181495
2,0.01967989671265431,1.0,0.00010076125845570605,2.1443951023931955,8.4931351942652e-05
2,0.01967989671265431,1.0,0.00010076125845570605,2.4767942861253944,6.646126094933535e-05
2,0.01967989671265431,1.0,0.00010076125845570605,2.8091934698575938,5.4502655783217335e-05
2,0.01967989671265431,1.0,0.00010076125845570605,3.141592653589793,5.036539361435999e-05
2,0.02760795396678143,0.15,3.0234616444618775e-05,0.15,0.4250989282008164
2,0.02760795396678143,0.15,3.0234616444618775e-05,0.48239918373219925,0.42509847807921486
2,0.02760795396678143,0.15,3.0234616444618775e-05,0.8147983674643985,0.4250976067197163
2,0.02760795396678143,0.15,3.0234616444618775e-05,1.1471975511965977,0.42509640788836833
2,0.02760795396678143,0.15,3.0234616444618775e-05,1.4795967349287968,0.42509501286903917
2,0.02760795396678143,0.15,3.0234616444618775e-05,1.8119959186609962,0.42509357427357974
2,0.02760795396678143,0.15,3.0234616444618775e-05,2.1443951023931955,0.4250922496727765
2,0.02760795396678143,0.15,3.0234616444618775e-05,2.4767942861253944,0.42509118406375435
2,0.02760795396678143,0.15,3.0234616444618775e-05,2.8091934698575938,0.4250904941443929
2,0.02760795396678143,0.15,3.0234616444618775e-05,3.141592653589793,0.4250902554635041
2,0.02760795396678143,0.3,6.046923288923755e-05,0.15,0.35018417349974995
2,0.02760795396678143,0.3,6.046923288923755e-05,0.48239918373219925,0.35018244885008487
2,0.02760795396678143,0.3,6.046923288923755e-05,0.8147983674643985,0.3501790985903983
2,0.02760795396678143,0.3,6.046923288923755e-05,1.1471975511965977,0.3501744893041463
2,0.02760795396678143,0.3,6.046923288923755e-05,1.4795967349287968,0.35016912532899913
2,0.02760795396678143,0.3,6.046923288923755e-05,1.8119959186609962,0.3501635938572938
2,0.02760795396678143,0.3,6.046923288923755e-05,2.1443951023931955,0.3501585004415142
2,0.02760795396678143,0.3,6.046923288923755e-05,2.4767942861253944,0.350154402852479
2,0.02760795396678143,0.3,6.046923288923755e-05,2.8091934698575938,0.3501517498458002
2,0.02760795396678143,0.3,6.046923288923755e-05,3.141592653589793,0.35015083199074226
2,0.02760795396678143,0.5,0.00010078205481539593,0.15,0.2502765697851437
2,0.02760795396678143,0.5,0.00010078205481539593,0.48239918373219925,0.25027203732070435
2,0.02760795396678143,0.5,0.00010078205481539593,0.8147983674643985,0.25026323238641246
2,0.02760795396678143,0.5,0.00010078205481539593,1.1471975511965977,0.25025111797370836
2,0.02760795396678143,0.5,0.00010078205481539593,1.4795967349287968,0.2502370197817845
2,0.02760795396678143,0.5,0.00010078205481539593,1.8119959186609962,0.2502224808620186
2,0.02760795396678143,0.5,0.00010078205481539593,2.1443951023931955,0.25020909298625393
2,0.02760795396678143,0.5,0.00010078205481539593,2.4767942861253944,0.2501983222796429
2,0.02760795396678143,0.5,0.00010078205481539593,2.8091934698575938,0.25019134857683456
2,0.02760795396678143,0.5,0.00010078205481539593,3.141592653589793,0.25018893588275337
2,0.02760795396678143,0.7,0.00014109487674155428,0.15,0.15034468000669388
2,0.02760795396678143,0.7,0.00014109487674155428,0.48239918373219925,0.15033630233714823
2,0.02760795396678143,0.7,0.00014109487674155428,0.8147983674643985,0.15032002745875905
2,0.02760795396678143,0.7,0.00014109487674155428,1.1471975511965977,0.15029763522279516
2,0.02760795396678143,0.7,0.00014109487674155428,1.4795967349287968,0.15027157563056925
2,0.02760795396678143,0.7,0.00014109487674155428,1.8119959186609962,0.15024470082388452
2,0.02760795396678143,0.7,0.00014109487674155428,2.1443951023931955,0.15021995315861858
2,0.02760795396678143,0.7,0.00014109487674155428,2.4767942861253944,0.15020004302112167
2,0.02760795396678143,0.7,0.00014109487674155428,2.8091934698575938,0.15018715163175256
2,0.02760795396678143,0.7,0.00014109487674155428,3.141592653589793,0.15018269157877495
2,0.02760795396678143,0.85,0.00017132949318617307,0.15,0.07537983589996045
2,0.02760795396678143,0.85,0.00017132949318617307,0.48239918373219925,0.07536804352456516
2,0.02760795396678143,0.85,0.00017132949318617307,0.8147983674643985,0.0753451337305957
2,0.02760795396678143,0.85,0.00017132949318617307,1.1471975511965977,0.07531361261088021
2,0.02760795396678143,0.85,0.00017132949318617307,1.4795967349287968,0.07527692870725144
2,0.02760795396678143,0.85,0.00017132949318617307,1.8119959186609962,0.0752390969027632
2,0.02760795396678143,0.85,0.00017132949318617307,2.1443951023931955,0.07520425918705231
2,0.02760795396678143,0.85,0.00017132949318617307,2.4767942861253944,0.07517623113705207
2,0.02760795396678143,0.85,0.00017132949318617307,2.8091934698575938,0.07515808347115072
2,0.02760795396678143,0.85,0.00017132949318617307,3.141592653589793,0.07515180487589701
2,0.02760795396678143,1.0,0.00020156410963079185,0.15,0.0004013502069386554
2,0.02760795396678143,1.0,0.00020156410963079185,0.48239918373219925,0.0003858034633779095
2,0.02760795396678143,1.0,0.00020156410963079185,0.8147983674643985,0.0003556002186579921
2,0.02760795396678143,1.0,0.00020156410963079185,1.1471975511965977,0.00031404395712497646
2,0.02760795396678143,1.0,0.00020156410963079185,1.4795967349287968,0.00026568116313674395
2,0.02760795396678143,1.0,0.00020156410963079185,1.8119959186609962,0.0002158048457625572
2,0.02760795396678143,1.0,0.00020156410963079185,2.1443951023931955,0.00016987572017046482
2,0.02760795396678143,1.0,0.00020156410963079185,2.4767942861253944,0.00013292419179911086
2,0.02760795396678143,1.0,0.00020156410963079185,2.8091934698575938,0.00010899869187008804
2,0.02760795396678143,1.0,0.00020156410963079185,3.141592653589793,0.00010072111663039784
2,0.038729833462074176,0.15,6.089869053337582e-05,0.15,0.42519917119028605
2,0.038729833462074176,0.15,6.089869053337582e-05,0.48239918373219925,0.42519826905133606
2,0.038729833462074176,0.15,6.089869053337582e-05,0.8147983674643985,0.4251965161325437
2,0.038729833462074176,0.15,6.089869053337582e-05,1.1471975511965977,0.42519410442078587
2,0.038729833462074176,0.15,6.089869053337582e-05,1.4795967349287968,0.4251912978854868
2,0.038729833462074176,0.15,6.089869053337582e-05,1.8119959186609962,0.4251884036481446
2,0.038729833462074176,0.15,6.089869053337582e-05,2.1443951023931955,0.42518573863006726
2,0.038729833462074176,0.15,6.089869053337582e-05,2.4767942861253944,0.4251835946345348
2,0.038729833462074176,0.15,6.089869053337582e-05,2.8091934698575938,0.42518220647773486
2,0.038729833462074176,0.15,6.089869053337582e-05,3.141592653589793,0.42518172622170836
2,0.038729833462074176,0.3,0.00012179738106675164,0.15,0.3503708210334977
2,0.038729833462074176,0.3,0.00012179738106675164,0.48239918373219925,0.3503673513712875
2,0.038729833462074176,0.3,0.00012179738106675164,0.8147983674643985,0.35036061073723923
2,0.038729833462074176,0.3,0.00012179738106675164,1.1471975511965977,0.350351336358824
2,0.038729833462074176,0.3,0.00012179738106675164,1.4795967349287968,0.35034054288894545
2,0.038729833462074176,0.3,0.00012179738106675164,1.8119959186609962,0.3503294116031872
2,0.038729833462074176,0.3,0.00012179738106675164,2.1443951023931955,0.3503191611941521
2,0.038729833462074176,0.3,0.00012179738106675164,2.4767942861253944,0.3503109143769061
2,0.038729833462074176,0.3,0.00012179738106675164,2.8091934698575938,0.35030557468413437
2,0.038729833462074176,0.3,0.00012179738106675164,3.141592653589793,0.3503037272890779
2,0.038729833462074176,0.5,0.00020299563511125274,0.15,0.2505568921077579
2,0.038729833462074176,0.5,0.00020299563511125274,0.48239918373219925,0.25054777181309795
2,0.038729833462074176,0.5,0.00020299563511125274,0.8147983674643985,0.2505300524369829
2,0.038729833462074176,0.5,0.00020299563511125274,1.1471975511965977,0.2505056714042435
2,0.038729833462074176,0.5,0.00020299563511125274,1.4795967349287968,0.2504772952399472
2,0.038729833462074176,0.5,0.00020299563511125274,1.8119959186609962,0.2504480290609359
2,0.038729833462074176,0.5,0.00020299563511125274,2.1443951023931955,0.2504210772453077
2,0.038729833462074176,0.5,0.00020299563511125274,2.4767942861253944,0.25039939237646336
2,0.038729833462074176,0.5,0.00020299563511125274,2.8091934698575938,0.2503853511944867
2,0.038729833462074176,0.5,0.00020299563511125274,3.141592653589793,0.25038049321796807
2,0.038729833462074176,0.7,0.0002841938891557538,0.15,0.15069407614284636
2,0.038729833462074176,0.7,0.0002841938891557538,0.48239918373219925,0.15067721475789986
2,0.038729833462074176,0.7,0.0002841938891557538,0.8147983674643985,0.1506444560492708
2,0.038729833462074176,0.7,0.0002841938891557538,1.1471975511965977,0.150599380209258
2,0.038729833462074176,0.7,0.0002841938891557538,1.4795967349287968,0.15054691609974924
2,0.038729833462074176,0.7,0.0002841938891557538,1.8119959186609962,0.15049280421103584
2,0.038729833462074176,0.7,0.0002841938891557538,2.1443951023931955,0.15044296940188762
2,0.038729833462074176,0.7,0.0002841938891557538,2.4767942861253944,0.1504028719249011
2,0.038729833462074176,0.7,0.0002841938891557538,2.8091934698575938,0.15037690771636725
2,0.038729833462074176,0.7,0.0002841938891557538,3.141592653589793,0.15036792448482705
2,0.038729833462074176,0.85,0.0003450925796891296,0.15,0.07576489497960015
2,0.038729833462074176,0.85,0.0003450925796891296,0.48239918373219925,0.0757411565104189
2,0.038729833462074176,0.85,0.0003450925796891296,0.8147983674643985,0.075695036170627
2,0.038729833462074176,0.85,0.0003450925796891296,1.1471975511965977,0.07563157393933406
2,0.038729833462074176,0.85,0.0003450925796891296,1.4795967349287968,0.07555770861156064
2,0.038729833462074176,0.85,0.0003450925796891296,1.8119959186609962,0.07548152197257507
2,0.038729833462074176,0.85,0.0003450925796891296,2.1443951023931955,0.07541135601635873
2,0.038729833462074176,0.85,0.0003450925796891296,2.4767942861253944,0.07535489908933513
2,0.038729833462074176,0.85,0.0003450925796891296,2.8091934698575938,0.07531834128704262
2,0.038729833462074176,0.85,0.0003450925796891296,3.141592653589793,0.07530569275213161
2,0.038729833462074176,1.0,0.0004059912702225055,0.15,0.0008082368782160732
2,0.038729833462074176,1.0,0.0004059912702225055,0.48239918373219925,0.0007769367792078707
2,0.038729833462074176,1.0,0.0004059912702225055,0.8147983674643985,0.0007161249505043266
2,0.038729833462074176,1.0,0.0004059912702225055,1.1471975511965977,0.0006324466441627319
2,0.038729833462074176,1.0,0.0004059912702225055,1.4795967349287968,0.0005350507645967006
2,0.038729833462074176,1.0,0.0004059912702225055,1.8119959186609962,0.0004345934992353584
2,0.038729833462074176,1.0,0.0004059912702225055,2.1443951023931955,0.0003420743788757896
2,0.038729833462074176,1.0,0.0004059912702225055,2.4767942861253944,0.00026763128693518823
2,0.038729833462074176,1.0,0.0004059912702225055,2.8091934698575938,0.00021942664805529866
2,0.038729833462074176,1.0,0.0004059912702225055,3.141592653589793,0.00020274842492695733
2,0.05433216825139731,0.15,0.0001238873456563261,0.15,0.425404813827172
2,0.05433216825139731,0.15,0.0001238873456563261,0.48239918373219925,0.42540298308951296
2,0.05433216825139731,0.15,0.0001238873456563261,0.8147983674643985,0.4253994263450762
2,0.05433216825139731,0.15,0.0001238873456563261,1.1471975511965977,0.4253945326472406
2,0.05433216825139731,0.15,0.0001238873456563261,1.4795967349287968,0.42538883729183974
2,0.05433216825139731,0.15,0.0001238873456563261,1.8119959186609962,0.42538296360893924
2,0.05433216825139731,0.15,0.0001238873456563261,2.1443951023931955,0.42537755467306937
2,0.05433216825139731,0.15,0.0001238873456563261,2.4767942861253944,0.4253732029312629
2,0.05433216825139731,0.15,0.0001238873456563261,2.8091934698575938,0.42537038522181825
2,0.05433216825139731,0.15,0.0001238873456563261,3.141592653589793,0.42536941036454956
2,0.05433216825139731,0.3,0.0002477746913126522,0.15,0.3507537762262589
2,0.05433216825139731,0.3,0.0002477746913126522,0.48239918373219925,0.35074673409670076
2,0.05433216825139731,0.3,0.0002477746913126522,0.8147983674643985,0.3507330524135004
2,0.05433216825139731,0.3,0.0002477746913126522,1.1471975511965977,0.35071422597089086
2,0.05433216825139731,0.3,0.0002477746913126522,1.4795967349287968,0.35069231307053395
2,0.05433216825139731,0.3,0.0002477746913126522,1.8119959186609962,0.3506697111668198
2,0.05433216825139731,0.3,0.0002477746913126522,2.1443951023931955,0.35064889506740604
2,0.05433216825139731,0.3,0.0002477746913126522,2.4767942861253944,0.3506321457963324
2,0.05433216825139731,0.3,0.0002477746913126522,2.8091934698575938,0.3506212999588745
2,0.05433216825139731,0.3,0.0002477746913126522,3.141592653589793,0.35061754741897544
2,0.05433216825139731,0.5,0.0004129578188544203,0.15,0.25113216366871094
2,0.05433216825139731,0.5,0.0004129578188544203,0.48239918373219925,0.2511136450314859
2,0.05433216825139731,0.5,0.0004129578188544203,0.8147983674643985,0.2510776636772807
2,0.05433216825139731,0.5,0.0004129578188544203,1.1471975511965977,0.25102814754708525
2,0.05433216825139731,0.5,0.0004129578188544203,1.4795967349287968,0.25097050681272104
2,0.05433216825139731,0.5,0.0004129578188544203,1.8119959186609962,0.25091104602552794
2,0.05433216825139731,0.5,0.0004129578188544203,2.1443951023931955,0.25085627640262564
2,0.05433216825139731,0.5,0.0004129578188544203,2.4767942861253944,0.2508122022856689
2,0.05433216825139731,0.5,0.0004129578188544203,2.8091934698575938,0.25078366020914333
2,0.05433216825139731,0.5,0.0004129578188544203,3.141592653589793,0.2507737845473277
2,0.05433216825139731,0.7,0.0005781409463961884,0.15,0.15141122273881136
2,0.05433216825139731,0.7,0.0005781409463961884,0.48239918373219925,0.1513769733461663
2,0.05433216825139731,0.7,0.0005781409463961884,0.8147983674643985,0.15131042486702206
2,0.05433216825139731,0.7,0.0005781409463961884,1.1471975511965977,0.1512188377066932
2,0.05433216825139731,0.7,0.0005781409463961884,1.4795967349287968,0.1511122144840138
2,0.05433216825139731,0.7,0.0005781409463961884,1.8119959186609962,0.15100221507724298
2,0.05433216825139731,0.7,0.0005781409463961884,2.1443951023931955,0.15090088558637627
2,0.05433216825139731,0.7,0.0005781409463961884,2.4767942861253944,0.15081933796623725
2,0.05433216825139731,0.7,0.0005781409463961884,2.8091934698575938,0.15076652551498015
2,0.05433216825139731,0.7,0.0005781409463961884,3.141592653589793,0.15074825169608452
2,0.05433216825139731,0.85,0.0007020282920525145,0.15,0.07655532006183474
2,0.05433216825139731,0.85,0.0007020282920525145,0.48239918373219925,0.0765070873515985
2,0.05433216825139731,0.85,0.0007020282920525145,0.8147983674643985,0.07641336663387
2,0.05433216825139731,0.85,0.0007020282920525145,1.1471975511965977,0.07628438033799667
2,0.05433216825139731,0.85,0.0007020282920525145,1.4795967349287968,0.07613421309846147
2,0.05433216825139731,0.85,0.0007020282920525145,1.8119959186609962,0.07597928523545638
2,0.05433216825139731,0.85,0.0007020282920525145,2.1443951023931955,0.07583656340875189
2,0.05433216825139731,0.85,0.0007020282920525145,2.4767942861253944,0.0757217006946691
2,0.05433216825139731,0.85,0.0007020282920525145,2.8091934698575938,0.07564731081706433
2,0.05433216825139731,0.85,0.0007020282920525145,3.141592653589793,0.07562157061430064
2,0.05433216825139731,1.0,0.0008259156377088406,0.15,0.0016435247416488608
2,0.05433216825139731,1.0,0.0008259156377088406,0.48239918373219925,0.0015799093466688507
2,0.05433216825139731,1.0,0.0008259156377088406,0.8147983674643985,0.0014562979290333455
2,0.05433216825139731,1.0,0.0008259156377088406,1.1471975511965977,0.0012861720497789886
2,0.05433216825139731,1.0,0.0008259156377088406,1.4795967349287968,0.00108810744418264
2,0.05433216825139731,1.0,0.0008259156377088406,1.8119959186609962,0.0008837613109673459
2,0.05433216825139731,1.0,0.0008259156377088406,2.1443951023931955,0.0006955124558609693
2,0.05433216825139731,1.0,0.0008259156377088406,2.4767942861253944,0.0005440080163983119
2,0.05433216825139731,1.0,0.0008259156377088406,2.8091934698575938,0.00044588671530787494
2,0.05433216825139731,1.0,0.0008259156377088406,3.141592653589793,0.0004119348941835632
2,0.0762199122231922,0.15,0.0002557242964059736,0.15,0.42583403189599167
2,0.0762199122231922,0.15,0.0002557242964059736,0.48239918373219925,0.42583027360832926
2,0.0762199122231922,0.15,0.0002557242964059736,0.8147983674643985,0.42582297174035544
2,0.0762199122231922,0.15,0.0002557242964059736,1.1471975511965977,0.4258129239583859
2,0.0762199122231922,0.15,0.0002557242964059736,1.4795967349287968,0.4258012285397539
2,0.0762199122231922,0.15,0.0002557242964059736,1.8119959186609962,0.4257891649895893
2,0.0762199122231922,0.15,0.0002557242964059736,2.1443951023931955,0.4257780542213099
2,0.0762199122231922,0.15,0.0002557242964059736,2.4767942861253944,0.4257691139011246
2,0.0762199122231922,0.15,0.0002557242964059736,2.8091934698575938,0.4257633245568322
2,0.0762199122231922,0.15,0.0002557242964059736,3.141592653589793,0.4257613214874354
2,0.0762199122231922,0.3,0.0005114485928119472,0.15,0.35155336403346804
2,0.0762199122231922,0.3,0.0005114485928119472,0.48239918373219925,0.35153889869774924
2,0.0762199122231922,0.3,0.0005114485928119472,0.8147983674643985,0.35151079065994884
2,0.0762199122231922,0.3,0.0005114485928119472,1.1471975511965977,0.3514721048870373
2,0.0762199122231922,0.3,0.0005114485928119472,1.4795967349287968,0.35142706482904695
2,0.0762199122231922,0.3,0.0005114485928119472,1.8119959186609962,0.3513805950220523
2,0.0762199122231922,0.3,0.0005114485928119472,2.1443951023931955,0.3513377846468886
2,0.0762199122231922,0.3,0.0005114485928119472,2.4767942861253944,0.35130332961199695
2,0.0762199122231922,0.3,0.0005114485928119472,2.8091934698575938,0.3512810145289045
2,0.0762199122231922,0.3,0.0005114485928119472,3.141592653589793,0.3512732930162916
2,0.0762199122231922,0.5,0.0008524143213532454,0.15,0.25233380991281096
2,0.0762199122231922,0.5,0.0008524143213532454,0.48239918373219925,0.25229573753876244
2,0.0762199122231922,0.5,0.0008524143213532454,0.8147983674643985,0.25222174879520054
2,0.0762199122231922,0.5,0.0008524143213532454,1.1471975511965977,0.2521198964386113
2,0.0762199122231922,0.5,0.0008524143213532454,1.4795967349287968,0.2520012854351683
2,0.0762199122231922,0.5,0.0008524143213532454,1.8119959186609962,0.25187887655025354
2,0.0762199122231922,0.5,0.0008524143213532454,2.1443951023931955,0.2517660778168793
2,0.0762199122231922,0.5,0.0008524143213532454,2.4767942861253944,0.25167527364918185
2,0.0762199122231922,0.5,0.0008524143213532454,2.8091934698575938,0.2516164538585921
2,0.0762199122231922,0.5,0.0008524143213532454,3.141592653589793,0.25159609912157777
2,0.0762199122231922,0.7,0.0011933800498945433,0.15,0.15290976374699272
2,0.0762199122231922,0.7,0.0011933800498945433,0.48239918373219925,0.15283929173236377
2,0.0762199122231922,0.7,0.0011933800498945433,0.8147983674643985,0.1527023270307013
2,0.0762199122231922,0.7,0.0011933800498945433,1.1471975511965977,0.15251375781855048
2,0.0762199122231922,0.7,0.0011933800498945433,1.4795967349287968,0.15229412580998591
2,0.0762199122231922,0.7,0.0011933800498945433,1.8119959186609962,0.15206742084528302
2,0.0762199122231922,0.7,0.0011933800498945433,2.1443951023931955,0.15185847788719853
2,0.0762199122231922,0.7,0.0011933800498945433,2.4767942861253944,0.15169025135712144
2,0.0762199122231922,0.7,0.0011933800498945433,2.8091934698575938,0.15158126803316385
2,0.0762199122231922,0.7,0.0011933800498945433,3.141592653589793,0.15154355188322843
2,0.0762199122231922,0.85,0.001449104346300517,0.15,0.07820733100341748
2,0.0762199122231922,0.85,0.001449104346300517,0.48239918373219925,0.07810802514792714
2,0.0762199122231922,0.85,0.001449104346300517,0.8147983674643985,0.07791501401445133
2,0.0762199122231922,0.85,0.001449104346300517,1.1471975511965977,0.07764926693163199
2,0.0762199122231922,0.85,0.001449104346300517,1.4795967349287968,0.07733972225340979
2,0.0762199122231922,0.85,0.001449104346300517,1.8119959186609962,0.07702018509228203
2,0.0762199122231922,0.85,0.001449104346300517,2.1443951023931955,0.07672566170953221
2,0.0762199122231922,0.85,0.001449104346300517,2.4767942861253944,0.07648851677360469
2,0.0762199122231922,0.85,0.001449104346300517,2.8091934698575938,0.07633487849829712
2,0.0762199122231922,0.85,0.001449104346300517,3.141592653589793,0.07628170719631222
2,0.0762199122231922,1.0,0.0017048286427064907,0.15,0.0033895438016424695
2,0.0762199122231922,1.0,0.0017048286427064907,0.48239918373219925,0.0032584869666416605
2,0.0762199122231922,1.0,0.0017048286427064907,0.8147983674643985,0.003003761509752678
2,0.0762199122231922,1.0,0.0017048286427064907,1.1471975511965977,0.0026530366018238105
2,0.0762199122231922,1.0,0.0017048286427064907,1.4795967349287968,0.0022444995222541397
2,0.0762199122231922,1.0,0.0017048286427064907,1.8119959186609962,0.0018227639115335759
2,0.0762199122231922,1.0,0.0017048286427064907,2.1443951023931955,0.0014340330791240419
2,0.0762199122231922,1.0,0.0017048286427064907,2.4767942861253944,0.001121027684706677
2,0.0762199122231922,1.0,0.0017048286427064907,2.8091934698575938,0.0009182389941122526
2,0.0762199122231922,1.0,0.0017048286427064907,3.141592653589793,0.0008480571249600555
2,0.10692514593620543,0.15,0.0005394858218736642,0.15,0.4267523797452315
2,0.10692514593620543,0.15,0.0005394858218736642,0.48239918373219925,0.42674454516011306
2,0.10692514593620543,0.15,0.0005394858218736642,0.8147983674643985,0.4267293209032519
2,0.10692514593620543,0.15,0.0005394858218736642,1.1471975511965977,0.4267083661185149
2,0.10692514593620543,0.15,0.0005394858218736642,1.4795967349287968,0.42668396755838
2,0.10692514593620543,0.15,0.0005394858218736642,1.8119959186609962,0.42665879238130944
2,0.10692514593620543,0.15,0.0005394858218736642,2.1443951023931955,0.4266355978155838
2,0.10692514593620543,0.15,0.0005394858218736642,2.4767942861253944,0.42661692883143165
2,0.10692514593620543,0.15,0.0005394858218736642,2.8091934698575938,0.4266048370808113
2,0.10692514593620543,0.15,0.0005394858218736642,3.141592653589793,0.4266006529517259
2,0.10692514593620543,0.3,0.0010789716437473284,0.15,0.35326543964501367
2,0.10692514593620543,0.3,0.0010789716437473284,0.48239918373219925,0.3532352423696965
2,0.10692514593620543,0.3,0.0010789716437473284,0.8147983674643985,0.35317654785985164
2,0.10692514593620543,0.3,0.0010789716437473284,1.1471975511965977,0.3530957279810989
2,0.10692514593620543,0.3,0.0010789716437473284,1.4795967349287968,0.3530015788133829
2,0.10692514593620543,0.3,0.0010789716437473284,1.8119959186609962,0.3529043796895228
2,0.10692514593620543,0.3,0.0010789716437473284,2.1443951023931955,0.35281477974792974
2,0.10692514593620543,0.3,0.0010789716437473284,2.4767942861253944,0.3527426286892741
2,0.10692514593620543,0.3,0.0010789716437473284,2.8091934698575938,0.35269588118036044
2,0.10692514593620543,0.3,0.0010789716437473284,3.141592653589793,0.3526797021537753
2,0.10692514593620543,0.5,0.001798286072912214,0.15,0.2549091234130403
2,0.10692514593620543,0.5,0.001798286072912214,0.48239918373219925,0.25482949905758123
2,0.10692514593620543,0.5,0.001798286072912214,0.8147983674643985,0.25467469234254225
2,0.10692514593620543,0.5,0.001798286072912214,1.1471975511965977,0.2544614418286799
2,0.10692514593620543,0.5,0.001798286072912214,1.4795967349287968,0.25421289195548025
2,0.10692514593620543,0.5,0.001798286072912214,1.8119959186609962,0.2539561449325298
2,0.10692514593620543,0.5,0.001798286072912214,2.1443951023931955,0.2537193400038802
2,0.10692514593620543,0.5,0.001798286072912214,2.4767942861253944,0.25352855980259315
2,0.10692514593620543,0.5,0.001798286072912214,2.8091934698575938,0.25340490768404855
2,0.10692514593620543,0.5,0.001798286072912214,3.141592653589793,0.2533621044949186
2,0.10692514593620543,0.7,0.0025176005020770996,0.15,0.15612385064920353
2,0.10692514593620543,0.7,0.0025176005020770996,0.48239918373219925,0.1559761992959281
2,0.10692514593620543,0.7,0.0025176005020770996,0.8147983674643985,0.15568908278180937
2,0.10692514593620543,0.7,0.0025176005020770996,1.1471975511965977,0.15529346214294293
2,0.10692514593620543,0.7,0.0025176005020770996,1.4795967349287968,0.15483219435042916
2,0.10692514593620543,0.7,0.0025176005020770996,1.8119959186609962,0.15435553362577314
2,0.10692514593620543,0.7,0.0025176005020770996,2.1443951023931955,0.15391573417799442
2,0.10692514593620543,0.7,0.0025176005020770996,2.4767942861253944,0.15356130015796499
2,0.10692514593620543,0.7,0.0025176005020770996,2.8091934698575938,0.15333152398899008
2,0.10692514593620543,0.7,0.0025176005020770996,3.141592653589793,0.15325197528556767
2,0.10692514593620543,0.85,0.003057086323950764,0.15,0.08175218196859957
2,0.10692514593620543,0.85,0.003057086323950764,0.48239918373219925,0.08154384057716513
2,0.10692514593620543,0.85,0.003057086323950764,0.8147983674643985,0.08113867815620046
2,0.10692514593620543,0.85,0.003057086323950764,1.1471975511965977,0.08058033497979156
2,0.10692514593620543,0.85,0.003057086323950764,1.4795967349287968,0.07992924764773823
2,0.10692514593620543,0.85,0.003057086323950764,1.8119959186609962,0.07925632570422425
2,0.10692514593620543,0.85,0.003057086323950764,2.1443951023931955,0.07863534666205818
2,0.10692514593620543,0.85,0.003057086323950764,2.4767942861253944,0.07813483392548415
2,0.10692514593620543,0.85,0.003057086323950764,2.8091934698575938,0.07781032498461737
2,0.10692514593620543,0.85,0.003057086323950764,3.141592653589793,0.07769797399817246
2,0.10692514593620543,1.0,0.003596572145824428,0.15,0.0071372384048300486
2,0.10692514593620543,1.0,0.003596572145824428,0.48239918373219925,0.00686192209408798
2,0.10692514593620543,1.0,0.003596572145824428,0.8147983674643985,0.006326499105053562
2,0.10692514593620543,1.0,0.003596572145824428,1.1471975511965977,0.005588617451913969
2,0.10692514593620543,1.0,0.003596572145824428,1.4795967349287968,0.004728126750694228
2,0.10692514593620543,1.0,0.003596572145824428,1.8119959186609962,0.003838732761136665
2,0.10692514593620543,1.0,0.003596572145824428,2.1443951023931955,0.0030179512166081945
2,0.10692514593620543,1.0,0.003596572145824428,2.4767942861253944,0.0023563696946038437
2,0.10692514593620543,1.0,0.003596572145824428,2.8091934698575938,0.0019274189652884743
2,0.10692514593620543,1.0,0.003596572145824428,3.141592653589793,0.0017789060893096398
2,0.15,0.15,0.0011770564822874473,0.15,0.4287885615065019
2,0.15,0.15,0.0011770564822874473,0.48239918373219925,0.4287719228573603
2,0.15,0.15,0.0011770564822874473,0.8147983674643985,0.4287395788698354
2,0.15,0.15,0.0011770564822874473,1.1471975511965977,0.428695035269405
2,0.15,0.15,0.0011770564822874473,1.4795967349287968,0.4286431346012076
2,0.15,0.15,0.0011770564822874473,1.8119959186609962,0.4285895405566189
2,0.15,0.15,0.0011770564822874473,2.1443951023931955,0.4285401257216501
2,0.15,0.15,0.0011770564822874473,2.4767942861253944,0.4285003264610703
2,0.15,0.15,0.0011770564822874473,2.8091934698575938,0.42847453644832
2,0.15,0.15,0.0011770564822874473,3.141592653589793,0.42846561002133976
2,0.15,0.3,0.0023541129645748946,0.15,0.3570678533203049
2,0.15,0.3,0.0023541129645748946,0.48239918373219925,0.35700352128278223
2,0.15,0.3,0.0023541129645748946,0.8147983674643985,0.3568783962484663
2,0.15,0.3,0.0023541129645748946,1.1471975511965977,0.35670592511230503
2,0.15,0.3,0.0023541129645748946,1.4795967349287968,0.3565047467954945
2,0.15,0.3,0.0023541129645748946,1.8119959186609962,0.3562967548140603
2,0.15,0.3,0.0023541129645748946,2.1443951023931955,0.3561047567216067
2,0.15,0.3,0.0023541129645748946,2.4767942861253944,0.355949962125524
2,0.15,0.3,0.0023541129645748946,2.8091934698575938,0.3558495799231167
2,0.15,0.3,0.0023541129645748946,3.141592653589793,0.35581482194646763
2,0.15,0.5,0.003923521607624825,0.15,0.2606403806596307
2,0.15,0.5,0.003923521607624825,0.48239918373219925,0.2604700480066626
2,0.15,0.5,0.003923521607624825,0.8147983674643985,0.2601385602871715
2,0.15,0.5,0.003923521607624825,1.1471975511965977,0.2596812237765911
2,0.15,0.5,0.003923521607624825,1.4795967349287968,0.2591471548604629
2,0.15,0.5,0.003923521607624825,1.8119959186609962,0.2585943070328751
2,0.15,0.5,0.003923521607624825,2.1443951023931955,0.25808334856584825
2,0.15,0.5,0.003923521607624825,2.4767942861253944,0.25767096354835983
2,0.15,0.5,0.003923521607624825,2.8091934698575938,0.25740332996782733
2,0.15,0.5,0.003923521607624825,3.141592653589793,0.25731062210586786
2,0.15,0.7,0.005492930250674754,0.15,0.16328902366842812
2,0.15,0.7,0.005492930250674754,0.48239918373219925,0.16297187610039043
2,0.15,0.7,0.005492930250674754,0.8147983674643985,0.16235442604170802
2,0.15,0.7,0.005492930250674754,1.1471975511965977,0.16150203720531264
2,0.15,0.7,0.005492930250674754,1.4795967349287968,0.16050586755663954
2,0.15,0.7,0.005492930250674754,1.8119959186609962,0.1594738067339192
2,0.15,0.7,0.005492930250674754,2.1443951023931955,0.15851916908961394
2,0.15,0.7,0.005492930250674754,2.4767942861253944,0.157748158565574
2,0.15,0.7,0.005492930250674754,2.8091934698575938,0.15724752382319207
2,0.15,0.7,0.005492930250674754,3.141592653589793,0.15707405771032157
2,0.15,0.85,0.0066699867329622015,0.15,0.08966272300150768
2,0.15,0.85,0.0066699867329622015,0.48239918373219925,0.08921386081260918
2,0.15,0.85,0.0066699867329622015,0.8147983674643985,0.08833982842350419
2,0.15,0.85,0.0066699867329622015,1.1471975511965977,0.08713290848965483
2,0.15,0.85,0.0066699867329622015,1.4795967349287968,0.08572194373022946
2,0.15,0.85,0.0066699867329622015,1.8119959186609962,0.0842596288074704
2,0.15,0.85,0.0066699867329622015,2.1443951023931955,0.082906557944459
2,0.15,0.85,0.0066699867329622015,2.4767942861253944,0.08181344056169215
2,0.15,0.85,0.0066699867329622015,2.8091934698575938,0.08110350706791225
2,0.15,0.85,0.0066699867329622015,3.141592653589793,0.08085749376191198
2,0.15,1.0,0.00784704321524965,0.15,0.015506063424530536
2,0.15,1.0,0.00784704321524965,0.48239918373219925,0.014911130553658891
2,0.15,1.0,0.00784704321524965,0.8147983674643985,0.013752594088223713
2,0.15,1.0,0.00784704321524965,1.1471975511965977,0.012152662034227601
2,0.15,1.0,0.00784704321524965,1.4795967349287968,0.010282034465147083
2,0.15,1.0,0.00784704321524965,1.8119959186609962,0.008343111596901265
2,0.15,1.0,0.00784704321524965,2.1443951023931955,0.006548860344880669
2,0.15,1.0,0.00784704321524965,2.4767942861253944,0.005099209428422791
2,0.15,1.0,0.00784704321524965,2.8091934698575938,0.004157672840391147
2,0.15,1.0,0.00784704321524965,3.141592653589793,0.003831393518544557
2,0.19857142857142857,0.15,0.0023386190283358615,0.15,0.4324022152608731
2,0.19857142857142857,0.15,0.0023386190283358615,0.48239918373219925,0.4323707664496057
2,0.19857142857142857,0.15,0.0023386190283358615,0.8147983674643985,0.43230959282051384
2,0.19857142857142857,0.15,0.0023386190283358615,1.1471975511965977,0.43222525859784633
2,0.19857142857142857,0.15,0.0023386190283358615,1.4795967349287968,0.4321268680511756
2,0.19857142857142857,0.15,0.0023386190283358615,1.8119959186609962,0.4320251233386714
2,0.19857142857142857,0.15,0.0023386190283358615,2.1443951023931955,0.4319311827352219
2,0.19857142857142857,0.15,0.0023386190283358615,2.4767942861253944,0.43185543119894176
2,0.19857142857142857,0.15,0.0023386190283358615,2.8091934698575938,0.4318063007473605
2,0.19857142857142857,0.15,0.0023386190283358615,3.141592653589793,0.43178928780294346
2,0.19857142857142857,0.3,0.004677238056671723,0.15,0.3638382784988303
2,0.19857142857142857,0.3,0.004677238056671723,0.48239918373219925,0.3637159918287165
2,0.19857142857142857,0.3,0.004677238056671723,0.8147983674643985,0.36347785579249314
2,0.19857142857142857,0.3,0.004677238056671723,1.1471975511965977,0.36314898262112427
2,0.19857142857142857,0.3,0.004677238056671723,1.4795967349287968,0.3627644466714699
2,0.19857142857142857,0.3,0.004677238056671723,1.8119959186609962,0.36236583899560637
2,0.19857142857142857,0.3,0.004677238056671723,2.1443951023931955,0.36199693452520165
2,0.19857142857142857,0.3,0.004677238056671723,2.4767942861253944,0.3616988480343635
2,0.19857142857142857,0.3,0.004677238056671723,2.8091934698575938,0.3615052251309758
2,0.19857142857142857,0.3,0.004677238056671723,3.141592653589793,0.361438123603002
2,0.19857142857142857,0.5,0.0077953967611195385,0.15,0.27088623259633593
2,0.19857142857142857,0.5,0.0077953967611195385,0.48239918373219925,0.27055999944991593
2,0.19857142857142857,0.5,0.0077953967611195385,0.8147983674643985,0.269923958373558
2,0.19857142857142857,0.5,0.0077953967611195385,1.1471975511965977,0.26904394198417947
2,0.19857142857142857,0.5,0.0077953967611195385,1.4795967349287968,0.26801259288801327
2,0.19857142857142857,0.5,0.0077953967611195385,1.8119959186609962,0.2669407889574744
2,0.19857142857142857,0.5,0.0077953967611195385,2.1443951023931955,0.2659463946961318
2,0.19857142857142857,0.5,0.0077953967611195385,2.4767942861253944,0.2651411683526912
2,0.19857142857142857,0.5,0.0077953967611195385,2.8091934698575938,0.26461730646299886
2,0.19857142857142857,0.5,0.0077953967611195385,3.141592653589793,0.2644356065538631
2,0.19857142857142857,0.7,0.010913555465567354,0.15,0.1761422076203485
2,0.19857142857142857,0.7,0.010913555465567354,0.48239918373219925,0.1755302036376778
2,0.19857142857142857,0.7,0.010913555465567354,0.8147983674643985,0.1743360450621747
2,0.19857142857142857,0.7,0.010913555465567354,1.1471975511965977,0.17268174019131988
2,0.19857142857142857,0.7,0.010913555465567354,1.4795967349287968,0.1707399005831185
2,0.19857142857142857,0.7,0.010913555465567354,1.8119959186609962,0.16871844551963222
2,0.19857142857142857,0.7,0.010913555465567354,2.1443951023931955,0.16683988658143334
2,0.19857142857142857,0.7,0.010913555465567354,2.4767942861253944,0.1653165338183158
2,0.19857142857142857,0.7,0.010913555465567354,2.8091934698575938,0.16432444787140033
2,0.19857142857142857,0.7,0.010913555465567354,3.141592653589793,0.16398015796684295
2,0.19857142857142857,0.85,0.013252174493903215,0.15,0.1038816164562597
2,0.19857142857142857,0.85,0.013252174493903215,0.48239918373219925,0.10301057362874544
2,0.19857142857142857,0.85,0.013252174493903215,0.8147983674643985,0.1013103628677503
2,0.19857142857142857,0.85,0.013252174493903215,1.1471975511965977,0.09895370824108429
2,0.19857142857142857,0.85,0.013252174493903215,1.4795967349287968,0.09618557831671448
2,0.19857142857142857,0.85,0.013252174493903215,1.8119959186609962,0.09330189813790901
2,0.19857142857142857,0.85,0.013252174493903215,2.1443951023931955,0.0906202629470243
2,0.19857142857142857,0.85,0.013252174493903215,2.4767942861253944,0.08844446115063853
2,0.19857142857142857,0.85,0.013252174493903215,2.8091934698575938,0.08702689881371573
2,0.19857142857142857,0.85,0.013252174493903215,3.141592653589793,0.08653485089497259
2,0.19857142857142857,1.0,0.015590793522239077,0.15,0.030568971838317083
2,0.19857142857142857,1.0,0.015590793522239077,0.48239918373219925,0.029408021564537812
2,0.19857142857142857,1.0,0.015590793522239077,0.8147983674643985,0.027141611257986087
2,0.19857142857142857,1.0,0.015590793522239077,1.1471975511965977,0.02399950094610559
2,0.19857142857142857,1.0,0.015590793522239077,1.4795967349287968,0.02030792334356568
2,0.19857142857142857,1.0,0.015590793522239077,1.8119959186609962,0.01646142324754929
2,0.19857142857142857,1.0,0.015590793522239077,2.1443951023931955,0.012883818167533256
2,0.19857142857142857,1.0,0.015590793522239077,2.4767942861253944,0.009980715851370503
2,0.19857142857142857,1.0,0.015590793522239077,2.8091934698575938,0.008089183363765295
2,0.19857142857142857,1.0,0.015590793522239077,3.141592653589793,0.007432597875896452
2,0.2471428571428571,0.15,0.004156289575026706,0.15,0.4378121098738119
2,0.2471428571428571,0.15,0.004156289575026706,0.48239918373219925,0.4377605228744419
2,0.2471428571428571,0.15,0.004156289575026706,0.8147983674643985,0.43766007291871944
2,0.2471428571428571,0.15,0.004156289575026706,1.1471975511965977,0.4375213667472455
2,0.2471428571428571,0.15,0.004156289575026706,1.4795967349287968,0.43735921078189643
2,0.2471428571428571,0.15,0.004156289575026706,1.8119959186609962,0.4371911508264328
2,0.2471428571428571,0.15,0.004156289575026706,2.1443951023931955,0.4370356410845784
2,0.2471428571428571,0.15,0.004156289575026706,2.4767942861253944,0.43691000290274484
2,0.2471428571428571,0.15,0.004156289575026706,2.8091934698575938,0.4368284031003522
2,0.2471428571428571,0.15,0.004156289575026706,3.141592653589793,0.4368001256639533
2,0.2471428571428571,0.3,0.008312579150053411,0.15,0.37402986243116465
2,0.2471428571428571,0.3,0.008312579150053411,0.48239918373219925,0.37382748565730206
2,0.2471428571428571,0.3,0.008312579150053411,0.8147983674643985,0.37343262273194466
2,0.2471428571428571,0.3,0.008312579150053411,1.1471975511965977,0.372885643386216
2,0.2471428571428571,0.3,0.008312579150053411,1.4795967349287968,0.37224363261305626
2,0.2471428571428571,0.3,0.008312579150053411,1.8119959186609962,0.37157532397031834
2,0.2471428571428571,0.3,0.008312579150053411,2.1443951023931955,0.37095426114133145
2,0.2471428571428571,0.3,0.008312579150053411,2.4767942861253944,0.37045062127521144
2,0.2471428571428571,0.3,0.008312579150053411,2.8091934698575938,0.37012261510198785
2,0.2471428571428571,0.3,0.008312579150053411,3.141592653589793,0.3700087826149454
2,0.2471428571428571,0.5,0.013854298583422353,0.15,0.28641395900834166
2,0.2471428571428571,0.5,0.013854298583422353,0.48239918373219925,0.2858676050783677
2,0.2471428571428571,0.5,0.013854298583422353,0.8147983674643985,0.2847993061020959
2,0.2471428571428571,0.5,0.013854298583422353,1.1471975511965977,0.28331445165187774
2,0.2471428571428571,0.5,0.013854298583422353,1.4795967349287968,0.28156421047705127
2,0.2471428571428571,0.5,0.013854298583422353,1.8119959186609962,0.2797337858452915
2,0.2471428571428571,0.5,0.013854298583422353,2.1443951023931955,0.27802500933255514
2,0.2471428571428571,0.5,0.013854298583422353,2.4767942861253944,0.27663383137302877
2,0.2471428571428571,0.5,0.013854298583422353,2.8091934698575938,0.27572516355334975
2,0.2471428571428571,0.5,0.013854298583422353,3.141592653589793,0.2754093309534198
2,0.2471428571428571,0.7,0.01939601801679129,0.15,0.19573513465654013
2,0.2471428571428571,0.7,0.01939601801679129,0.48239918373219925,0.1946978397401471
2,0.2471428571428571,0.7,0.01939601801679129,0.8147983674643985,0.19266654049402887
2,0.2471428571428571,0.7,0.01939601801679129,1.1471975511965977,0.18983655845342695
2,0.2471428571428571,0.7,0.01939601801679129,1.4795967349287968,0.18649103468152806
2,0.2471428571428571,0.7,0.01939601801679129,1.8119959186609962,0.18298119188630935
2,0.2471428571428571,0.7,0.01939601801679129,2.1443951023931955,0.17969463434745392
2,0.2471428571428571,0.7,0.01939601801679129,2.4767942861253944,0.17701196440935596
2,0.2471428571428571,0.7,0.01939601801679129,2.8091934698575938,0.17525642698582589
2,0.2471428571428571,0.7,0.01939601801679129,3.141592653589793,0.17464563576858172
2,0.2471428571428571,0.85,0.023552307591818,0.15,0.12563158548068443
2,0.2471428571428571,0.85,0.023552307591818,0.48239918373219925,0.12414184774904569
2,0.2471428571428571,0.85,0.023552307591818,0.8147983674643985,0.12122253802286487
2,0.2471428571428571,0.85,0.023552307591818,1.1471975511965977,0.11715111813153811
2,0.2471428571428571,0.85,0.023552307591818,1.4795967349287968,0.11233191878017457
2,0.2471428571428571,0.85,0.023552307591818,1.8119959186609962,0.10726939625568588
2,0.2471428571428571,0.85,0.023552307591818,2.1443951023931955,0.10252324077300967
2,0.2471428571428571,0.85,0.023552307591818,2.4767942861253944,0.09864539022672614
2,0.2471428571428571,0.85,0.023552307591818,2.8091934698575938,0.0961060125913078
2,0.2471428571428571,0.85,0.023552307591818,3.141592653589793,0.09522220243377899
2,0.2471428571428571,1.0,0.027708597166844706,0.15,0.05366372955503662
2,0.2471428571428571,1.0,0.027708597166844706,0.48239918373219925,0.05166008721750637
2,0.2471428571428571,1.0,0.027708597166844706,0.8147983674643985,0.04773255176511926
2,0.2471428571428571,1.0,0.027708597166844706,1.1471975511965977,0.042252715138929364
2,0.2471428571428571,1.0,0.027708597166844706,1.4795967349287968,0.035763594889468786
2,0.2471428571428571,1.0,0.027708597166844706,1.8119959186609962,0.028944401743807635
2,0.2471428571428571,1.0,0.027708597166844706,2.1443951023931955,0.02254993383370607
2,0.2471428571428571,1.0,0.027708597166844706,2.4767942861253944,0.017324877432562502
2,0.2471428571428571,1.0,0.027708597166844706,2.8091934698575938,0.01390329985488381
2,0.2471428571428571,1.0,0.027708597166844706,3.141592653589793,0.012712475642068677
2,0.2957142857142857,0.15,0.00693146859676341,0.15,0.44550968524562573
2,0.2957142857142857,0.15,0.00693146859676341,0.48239918373219925,0.4454339479327576
2,0.2957142857142857,0.15,0.00693146859676341,0.8147983674643985,0.4452862371852535
2,0.2957142857142857,0.15,0.00693146859676341,1.1471975511965977,0.44508175812434825
2,0.2957142857142857,0.15,0.00693146859676341,1.4795967349287968,0.4448419524932805
2,0.2957142857142857,0.15,0.00693146859676341,1.8119959186609962,0.4445925506339161
2,0.2957142857142857,0.15,0.00693146859676341,2.1443951023931955,0.44436098543117564
2,0.2957142857142857,0.15,0.00693146859676341,2.4767942861253944,0.4441733456858479
2,0.2957142857142857,0.15,0.00693146859676341,2.8091934698575938,0.44405121013380877
2,0.2957142857142857,0.15,0.00693146859676341,3.141592653589793,0.4440088363858046
2,0.2957142857142857,0.3,0.01386293719352682,0.15,0.38865606858037394
2,0.2957142857142857,0.3,0.01386293719352682,0.48239918373219925,0.38835492409391925
2,0.2957142857142857,0.3,0.01386293719352682,0.8147983674643985,0.3877655819165553
2,0.2957142857142857,0.3,0.01386293719352682,1.1471975511965977,0.38694531715490976
2,0.2957142857142857,0.3,0.01386293719352682,1.4795967349287968,0.3859767491943624
2,0.2957142857142857,0.3,0.01386293719352682,1.8119959186609962,0.38496181643560456
2,0.2957142857142857,0.3,0.01386293719352682,2.1443951023931955,0.3840124713813684
2,0.2957142857142857,0.3,0.01386293719352682,2.4767942861253944,0.38323822852717737
2,0.2957142857142857,0.3,0.01386293719352682,2.8091934698575938,0.3827318617044484
2,0.2957142857142857,0.3,0.01386293719352682,3.141592653589793,0.3825557371571362
2,0.2957142857142857,0.5,0.0231048953225447,0.15,0.30893794227762594
2,0.2957142857142857,0.5,0.0231048953225447,0.48239918373219925,0.30810986856243106
2,0.2957142857142857,0.5,0.0231048953225447,0.8147983674643985,0.3064832845896712
2,0.2957142857142857,0.5,0.0231048953225447,1.1471975511965977,0.3042060506982338
2,0.2957142857142857,0.5,0.0231048953225447,1.4795967349287968,0.301497158485849
2,0.2957142857142857,0.5,0.0231048953225447,1.8119959186609962,0.2986354363250987
2,0.2957142857142857,0.5,0.0231048953225447,2.1443951023931955,0.29593721244956295
2,0.2957142857142857,0.5,0.0231048953225447,2.4767942861253944,0.2937213420384852
2,0.2957142857142857,0.5,0.0231048953225447,2.8091934698575938,0.2922646926792085
2,0.2957142857142857,0.5,0.0231048953225447,3.141592653589793,0.2917566637524207
2,0.2957142857142857,0.7,0.03234685345156258,0.15,0.22442369288173625
2,0.2957142857142857,0.7,0.03234685345156258,0.48239918373219925,0.22282157334752695
2,0.2957142857142857,0.7,0.03234685345156258,0.8147983674643985,0.21966611644984657
2,0.2957142857142857,0.7,0.03234685345156258,1.1471975511965977,0.21523000450800445
2,0.2957142857142857,0.7,0.03234685345156258,1.4795967349287968,0.20992564697163707
2,0.2957142857142857,0.7,0.03234685345156258,1.8119959186609962,0.20429068744407464
2,0.2957142857142857,0.7,0.03234685345156258,2.1443951023931955,0.1989491635869427
2,0.2957142857142857,0.7,0.03234685345156258,2.4767942861253944,0.19454254033966834
2,0.2957142857142857,0.7,0.03234685345156258,2.8091934698575938,0.1916362259782194
2,0.2957142857142857,0.7,0.03234685345156258,3.141592653589793,0.19062086311380466
2,0.2957142857142857,0.85,0.039278322048325987,0.15,0.1576594405525631
2,0.2957142857142857,0.85,0.039278322048325987,0.48239918373219925,0.15532493889798782
2,0.2957142857142857,0.85,0.039278322048325987,0.8147983674643985,0.15072117581962186
2,0.2957142857142857,0.85,0.039278322048325987,1.1471975511965977,0.14423651857694852
2,0.2957142857142857,0.85,0.039278322048325987,1.4795967349287968,0.13646504519250313
2,0.2957142857142857,0.85,0.039278322048325987,1.8119959186609962,0.1281902861586488
2,0.2957142857142857,0.85,0.039278322048325987,2.1443951023931955,0.12033059770199528
2,0.2957142857142857,0.85,0.039278322048325987,2.4767942861253944,0.11383647198675018
2,0.2957142857142857,0.85,0.039278322048325987,2.8091934698575938,0.10954901756352253
2,0.2957142857142857,0.85,0.039278322048325987,3.141592653589793,0.10805039356119295
2,0.2957142857142857,1.0,0.0462097906450894,0.15,0.08780316756004347
2,0.2957142857142857,1.0,0.0462097906450894,0.48239918373219925,0.08461662972859618
2,0.2957142857142857,1.0,0.0462097906450894,0.8147983674643985,0.07832880146846577
2,0.2957142857142857,1.0,0.0462097906450894,1.1471975511965977,0.06946479010401285
2,0.2957142857142857,1.0,0.0462097906450894,1.4795967349287968,0.058833476333885804
2,0.2957142857142857,1.0,0.0462097906450894,1.8119959186609962,0.047507793560281675
2,0.2957142857142857,1.0,0.0462097906450894,2.1443951023931955,0.036748767326387544
2,0.2957142857142857,1.0,0.0462097906450894,2.4767942861253944,0.027860864165591748
2,0.2957142857142857,1.0,0.0462097906450894,2.8091934698575938,0.02199510273730998
2,0.2957142857142857,1.0,0.0462097906450894,3.141592653589793,0.019945335699616873
2,0.34428571428571425,0.15,0.011169852991422832,0.15,0.4560074210633003
2,0.34428571428571425,0.15,0.011169852991422832,0.48239918373219925,0.4559082406745536
2,0.34428571428571425,0.15,0.011169852991422832,0.8147983674643985,0.45571433122495253
2,0.34428571428571425,0.15,0.011169852991422832,1.1471975511965977,0.4554448518472183
2,0.34428571428571425,0.15,0.011169852991422832,1.4795967349287968,0.4551272586995081
2,0.34428571428571425,0.15,0.011169852991422832,1.8119959186609962,0.4547951603704523
2,0.34428571428571425,0.15,0.011169852991422832,2.1443951023931955,0.45448516137123307
2,0.34428571428571425,0.15,0.011169852991422832,2.4767942861253944,0.4542327915312654
2,0.34428571428571425,0.15,0.011169852991422832,2.8091934698575938,0.45406795491499774
2,0.34428571428571425,0.15,0.011169852991422832,3.141592653589793,0.45401066142907576
2,0.34428571428571425,0.3,0.022339705982845664,0.15,0.4088712904101359
2,0.34428571428571425,0.3,0.022339705982845664,0.48239918373219925,0.40846877941713466
2,0.34428571428571425,0.3,0.022339705982845664,0.8147983674643985,0.4076773459268219
2,0.34428571428571425,0.3,0.022339705982845664,1.1471975511965977,0.4065675566489455
2,0.34428571428571425,0.3,0.022339705982845664,1.4795967349287968,0.40524463447933634
2,0.34428571428571425,0.3,0.022339705982845664,1.8119959186609962,0.4038437073157872
2,0.34428571428571425,0.3,0.022339705982845664,2.1443951023931955,0.4025195480372765
2,0.34428571428571425,0.3,0.022339705982845664,2.4767942861253944,0.401429661238063
2,0.34428571428571425,0.3,0.022339705982845664,2.8091934698575938,0.40071197258829216
2,0.34428571428571425,0.3,0.022339705982845664,3.141592653589793,0.4004614349592437
2,0.34428571428571425,0.5,0.037232843304742774,0.15,0.34060359026648346
2,0.34428571428571425,0.5,0.037232843304742774,0.48239918373219925,0.3394645544924908
2,0.34428571428571425,0.5,0.037232843304742774,0.8147983674643985,0.3372108079528191
2,0.34428571428571425,0.5,0.037232843304742774,1.1471975511965977,0.3340188484724307
2,0.34428571428571425,0.5,0.037232843304742774,1.4795967349287968,0.33016544912616097
2,0.34428571428571425,0.5,0.037232843304742774,1.8119959186609962,0.32602721551782476
2,0.34428571428571425,0.5,0.037232843304742774,2.1443951023931955,0.32206111387237524
2,0.34428571428571425,0.5,0.037232843304742774,2.4767942861253944,0.3187568034916626
2,0.34428571428571425,0.5,0.037232843304742774,2.8091934698575938,0.3165612371636819
2,0.34428571428571425,0.5,0.037232843304742774,3.141592653589793,0.3157911072397437
2,0.34428571428571425,0.7,0.05212598062663988,0.15,0.26537840472006224
2,0.34428571428571425,0.7,0.05212598062663988,0.48239918373219925,0.26310651951147834
2,0.34428571428571425,0.7,0.05212598062663988,0.8147983674643985,0.25859024094540684
2,0.34428571428571425,0.7,0.05212598062663988,1.1471975511965977,0.25214699903865156
2,0.34428571428571425,0.7,0.05212598062663988,1.4795967349287968,0.24429752343220668
2,0.34428571428571425,0.7,0.05212598062663988,1.8119959186609962,0.23578468096253302
2,0.34428571428571425,0.7,0.05212598062663988,2.1443951023931955,0.22754894959733396
2,0.34428571428571425,0.7,0.05212598062663988,2.4767942861253944,0.22063284136280248
2,0.34428571428571425,0.7,0.05212598062663988,2.8091934698575938,0.2160112440251949
2,0.34428571428571425,0.7,0.05212598062663988,3.141592653589793,0.21438536703167088
2,0.34428571428571425,0.85,0.06329583361806271,0.15,0.20381683184936406
2,0.34428571428571425,0.85,0.06329583361806271,0.48239918373219925,0.200425752376858
2,0.34428571428571425,0.85,0.06329583361806271,0.8147983674643985,0.19366898403916233
2,0.34428571428571425,0.85,0.06329583361806271,1.1471975511965977,0.18399565375043458
2,0.34428571428571425,0.85,0.06329583361806271,1.4795967349287968,0.17216321106723398
2,0.34428571428571425,0.85,0.06329583361806271,1.8119959186609962,0.15927991450239554
2,0.34428571428571425,0.85,0.06329583361806271,2.1443951023931955,0.14677505578581118
2,0.34428571428571425,0.85,0.06329583361806271,2.4767942861253944,0.13624981241713008
2,0.34428571428571425,0.85,0.06329583361806271,2.8091934698575938,0.12920724966922248
2,0.34428571428571425,0.85,0.06329583361806271,3.141592653589793,0.12672830977110472
2,0.34428571428571425,1.0,0.07446568660948555,0.15,0.1373282046512163
2,0.34428571428571425,1.0,0.07446568660948555,0.48239918373219925,0.13258135197151244
2,0.34428571428571425,1.0,0.07446568660948555,0.8147983674643985,0.1231117740637222
2,0.34428571428571425,1.0,0.07446568660948555,1.1471975511965977,0.10953321870447552
2,0.34428571428571425,1.0,0.07446568660948555,1.4795967349287968,0.09290118917129053
2,0.34428571428571425,1.0,0.07446568660948555,1.8119959186609962,0.0747814258141557
2,0.34428571428571425,1.0,0.07446568660948555,2.1443951023931955,0.05720247018968627
2,0.34428571428571425,1.0,0.07446568660948555,2.4767942861253944,0.04242683393459479
2,0.34428571428571425,1.0,0.07446568660948555,2.8091934698575938,0.03255652605378723
2,0.34428571428571425,1.0,0.07446568660948555,3.141592653589793,0.029086057617895955
2,0.3928571428571428,0.15,0.017816993837577694,0.15,0.46961356649616914
2,0.3928571428571428,0.15,0.017816993837577694,0.48239918373219925,0.4695033242684352
2,0.3928571428571428,0.15,0.017816993837577694,0.8147983674643985,0.4692869422377659
2,0.3928571428571428,0.15,0.017816993837577694,1.1471975511965977,0.4689843615385836
2,0.3928571428571428,0.15,0.017816993837577694,1.4795967349287968,0.468624935882493
2,0.3928571428571428,0.15,0.017816993837577694,1.8119959186609962,0.4682457913421001
2,0.3928571428571428,0.15,0.017816993837577694,2.1443951023931955,0.4678887919825796
2,0.3928571428571428,0.15,0.017816993837577694,2.4767942861253944,0.4675959344013778
2,0.3928571428571428,0.15,0.017816993837577694,2.8091934698575938,0.46740356489227475
2,0.3928571428571428,0.15,0.017816993837577694,3.141592653589793,0.4673364990009612
2,0.3928571428571428,0.3,0.03563398767515539,0.15,0.43563812637904475
2,0.3928571428571428,0.3,0.03563398767515539,0.48239918373219925,0.43517614740313926
2,0.3928571428571428,0.3,0.03563398767515539,0.8147983674643985,0.43426088488348036
2,0.3928571428571428,0.3,0.03563398767515539,1.1471975511965977,0.43296184717276587
2,0.3928571428571428,0.3,0.03563398767515539,1.4795967349287968,0.43138909065066766
2,0.3928571428571428,0.3,0.03563398767515539,1.8119959186609962,0.42969423462499323
2,0.3928571428571428,0.3,0.03563398767515539,2.1443951023931955,0.4280638556032266
2,0.3928571428571428,0.3,0.03563398767515539,2.4767942861253944,0.42670077946363616
2,0.3928571428571428,0.3,0.03563398767515539,2.8091934698575938,0.4257925883595377
2,0.3928571428571428,0.3,0.03563398767515539,3.141592653589793,0.4254735422847824
2,0.3928571428571428,0.5,0.05938997945859231,0.15,0.38372882524759766
2,0.3928571428571428,0.5,0.05938997945859231,0.48239918373219925,0.3823585282823978
2,0.3928571428571428,0.5,0.05938997945859231,0.8147983674643985,0.37961471574333316
2,0.3928571428571428,0.5,0.05938997945859231,1.1471975511965977,0.3756535450478786
2,0.3928571428571428,0.5,0.05938997945859231,1.4795967349287968,0.3707513397207467
2,0.3928571428571428,0.5,0.05938997945859231,1.8119959186609962,0.3653362079711693
2,0.3928571428571428,0.5,0.05938997945859231,2.1443951023931955,0.3599957310747719
2,0.3928571428571428,0.5,0.05938997945859231,2.4767942861253944,0.35543085496467186
2,0.3928571428571428,0.5,0.05938997945859231,2.8091934698575938,0.35233842674974114
2,0.3928571428571428,0.5,0.05938997945859231,3.141592653589793,0.35124234977593516
2,0.3928571428571428,0.7,0.08314597124202923,0.15,0.32264705104285873
2,0.3928571428571428,0.7,0.08314597124202923,0.48239918373219925,0.31976592178429764
2,0.3928571428571428,0.7,0.08314597124202923,0.8147983674643985,0.3139494051011438
2,0.3928571428571428,0.7,0.08314597124202923,1.1471975511965977,0.3054425199156505
2,0.3928571428571428,0.7,0.08314597124202923,1.4795967349287968,0.2947405846543598
2,0.3928571428571428,0.7,0.08314597124202923,1.8119959186609962,0.2827049759798763
2,0.3928571428571428,0.7,0.08314597124202923,2.1443951023931955,0.27062845674249747
2,0.3928571428571428,0.7,0.08314597124202923,2.4767942861253944,0.26015450249960104
2,0.3928571428571428,0.7,0.08314597124202923,2.8091934698575938,0.2529854515075949
2,0.3928571428571428,0.7,0.08314597124202923,3.141592653589793,0.250430987137338
2,0.3928571428571428,0.85,0.10096296507960693,0.15,0.2694693163203403
2,0.3928571428571428,0.85,0.10096296507960693,0.48239918373219925,0.264976028532538
2,0.3928571428571428,0.85,0.10096296507960693,0.8147983674643985,0.2558660729765616
2,0.3928571428571428,0.85,0.10096296507960693,1.1471975511965977,0.2424563317094277
2,0.3928571428571428,0.85,0.10096296507960693,1.4795967349287968,0.22546004408603348
2,0.3928571428571428,0.85,0.10096296507960693,1.8119959186609962,0.20621041171309118
2,0.3928571428571428,0.85,0.10096296507960693,2.1443951023931955,0.1867923138403491
2,0.3928571428571428,0.85,0.10096296507960693,2.4767942861253944,0.16990127605479444
2,0.3928571428571428,0.85,0.10096296507960693,2.8091934698575938,0.1583289935532921
2,0.3928571428571428,0.85,0.10096296507960693,3.141592653589793,0.15420550204435823
2,0.3928571428571428,1.0,0.11877995891718462,0.15,0.20863440473808903
2,0.3928571428571428,1.0,0.11877995891718462,0.48239918373219925,0.20203462035712727
2,0.3928571428571428,1.0,0.11877995891718462,0.8147983674643985,0.18862200445191668
2,0.3928571428571428,1.0,0.11877995891718462,1.1471975511965977,0.1688188778446511
2,0.3928571428571428,1.0,0.11877995891718462,1.4795967349287968,0.14366168699284088
2,0.3928571428571428,1.0,0.11877995891718462,1.8119959186609962,0.1151683135172179
2,0.3928571428571428,1.0,0.11877995891718462,2.1443951023931955,0.08651549730092056
2,0.3928571428571428,1.0,0.11877995891718462,2.4767942861253944,0.06173528546121787
2,0.3928571428571428,1.0,0.11877995891718462,2.8091934698575938,0.0448653256354139
2,0.3928571428571428,1.0,0.11877995891718462,3.141592653589793,0.03887893936447551
2,0.4414285714285714,0.15,0.0290441871456102,0.15,0.4856416813150872
2,0.4414285714285714,0.15,0.0290441871456102,0.48239918373219925,0.485555767414412
2,0.4414285714285714,0.15,0.0290441871456102,0.8147983674643985,0.4853860111429342
2,0.4414285714285714,0.15,0.0290441871456102,1.1471975511965977,0.4851460973841646
2,0.4414285714285714,0.15,0.0290441871456102,1.4795967349287968,0.4848572048227533
2,0.4414285714285714,0.15,0.0290441871456102,1.8119959186609962,0.48454776652222065
2,0.4414285714285714,0.15,0.0290441871456102,2.1443951023931955,0.48425189435089866
2,0.4414285714285714,0.15,0.0290441871456102,2.4767942861253944,0.48400584708524486
2,0.4414285714285714,0.15,0.0290441871456102,2.8091934698575938,0.48384256185707586
2,0.4414285714285714,0.15,0.0290441871456102,3.141592653589793,0.48378532188184353
2,0.4414285714285714,0.3,0.0580883742912204,0.15,0.4683397214215539
2,0.4414285714285714,0.3,0.0580883742912204,0.48239918373219925,0.4679593773882569
2,0.4414285714285714,0.3,0.0580883742912204,0.8147983674643985,0.4671960153451311
2,0.4414285714285714,0.3,0.0580883742912204,1.1471975511965977,0.4660895755556851
2,0.4414285714285714,0.3,0.0580883742912204,1.4795967349287968,0.4647126100933874
2,0.4414285714285714,0.3,0.0580883742912204,1.8119959186609962,0.46318092034460556
2,0.4414285714285714,0.3,0.0580883742912204,2.1443951023931955,0.4616584993506214
2,0.4414285714285714,0.3,0.0580883742912204,2.4767942861253944,0.4603471478282495
2,0.4414285714285714,0.3,0.0580883742912204,2.8091934698575938,0.45945321235535563
2,0.4414285714285714,0.3,0.0580883742912204,3.141592653589793,0.45913524376465253
2,0.4414285714285714,0.5,0.096813957152034,0.15,0.4391627068231936
2,0.4414285714285714,0.5,0.096813957152034,0.48239918373219925,0.437931410980688
2,0.4414285714285714,0.5,0.096813957152034,0.8147983674643985,0.4354144258386614
2,0.4414285714285714,0.5,0.096813957152034,1.1471975511965977,0.43165491498322384
2,0.4414285714285714,0.5,0.096813957152034,1.4795967349287968,0.4267851215313825
2,0.4414285714285714,0.5,0.096813957152034,1.8119959186609962,0.42110768541905985
2,0.4414285714285714,0.5,0.096813957152034,2.1443951023931955,0.41517956929066235
2,0.4414285714285714,0.5,0.096813957152034,2.4767942861253944,0.4098352747361389
2,0.4414285714285714,0.5,0.096813957152034,2.8091934698575938,0.40606132525540084
2,0.4414285714285714,0.5,0.096813957152034,3.141592653589793,0.40469280707413
2,0.4414285714285714,0.7,0.1355395400128476,0.15,0.40014435107104895
2,0.4414285714285714,0.7,0.1355395400128476,0.48239918373219925,0.3972583837268604
2,0.4414285714285714,0.7,0.1355395400128476,0.8147983674643985,0.3912713729741566
2,0.4414285714285714,0.7,0.1355395400128476,1.1471975511965977,0.38211062782171057
2,0.4414285714285714,0.7,0.1355395400128476,1.4795967349287968,0.3698605563840216
2,0.4414285714285714,0.7,0.1355395400128476,1.8119959186609962,0.3550468657701833
2,0.4414285714285714,0.7,0.1355395400128476,2.1443951023931955,0.3389989647869478
2,0.4414285714285714,0.7,0.1355395400128476,2.4767942861253944,0.32406271135354725
2,0.4414285714285714,0.7,0.1355395400128476,2.8091934698575938,0.3132726760590441
2,0.4414285714285714,0.7,0.1355395400128476,3.141592653589793,0.30931452135804904
2,0.4414285714285714,0.85,0.1645837271584578,0.15,0.3615463444641309
2,0.4414285714285714,0.85,0.1645837271584578,0.48239918373219925,0.35657391266635075
2,0.4414285714285714,0.85,0.1645837271584578,0.8147983674643985,0.34617561652617934
2,0.4414285714285714,0.85,0.1645837271584578,1.1471975511965977,0.33006551256663896
2,0.4414285714285714,0.85,0.1645837271584578,1.4795967349287968,0.3081985486686907
2,0.4414285714285714,0.85,0.1645837271584578,1.8119959186609962,0.28137998959260146
2,0.4414285714285714,0.85,0.1645837271584578,2.1443951023931955,0.25205393418042776
2,0.4414285714285714,0.85,0.1645837271584578,2.4767942861253944,0.22469900299859047
2,0.4414285714285714,0.85,0.1645837271584578,2.8091934698575938,0.20500523026541084
2,0.4414285714285714,0.85,0.1645837271584578,3.141592653589793,0.1978096790545556
2,0.4414285714285714,1.0,0.193627914304068,0.15,0.3113995851454616
2,0.4414285714285714,1.0,0.193627914304068,0.48239918373219925,0.30316645283742294
2,0.4414285714285714,1.0,0.193627914304068,0.8147983674643985,0.28587051490380855
2,0.4414285714285714,1.0,0.193627914304068,1.1471975511965977,0.25892091790788263
2,0.4414285714285714,1.0,0.193627914304068,1.4795967349287968,0.22222188512165308
2,0.4414285714285714,1.0,0.193627914304068,1.8119959186609962,0.17739842442722797
2,0.4414285714285714,1.0,0.193627914304068,2.1443951023931955,0.12913750120920975
2,0.4414285714285714,1.0,0.193627914304068,2.4767942861253944,0.0852574725019517
2,0.4414285714285714,1.0,0.193627914304068,2.8091934698575938,0.054516005913581855
2,0.4414285714285714,1.0,0.193627914304068,3.141592653589793,0.0434785378247553
2,0.49,0.15,0.054202741729807415,0.15,0.4991728689397521
2,0.49,0.15,0.054202741729807415,0.48239918373219925,0.4991634753946421
2,0.49,0.15,0.054202741729807415,0.8147983674643985,0.4991446425455175
2,0.49,0.15,0.054202741729807415,1.1471975511965977,0.49911739193538684
2,0.49,0.15,0.054202741729807415,1.4795967349287968,0.499083550809335
2,0.49,0.15,0.054202741729807415,1.8119959186609962,0.49904599452295284
2,0.49,0.15,0.054202741729807415,2.1443951023931955,0.4990087490582844
2,0.49,0.15,0.054202741729807415,2.4767942861253944,0.49897672810134
2,0.49,0.15,0.054202741729807415,2.8091934698575938,0.4989549292667974
2,0.49,0.15,0.054202741729807415,3.141592653589793,0.4989471809434116
2,0.49,0.3,0.10840548345961483,0.15,0.4979763555893344
2,0.49,0.3,0.10840548345961483,0.48239918373219925,0.4979287750137511
2,0.49,0.3,0.10840548345961483,0.8147983674643985,0.4978305980749449
2,0.49,0.3,0.10840548345961483,1.1471975511965977,0.4976815757700719
2,0.49,0.3,0.10840548345961483,1.4795967349287968,0.49748404466374296
2,0.49,0.3,0.10840548345961483,1.8119959186609962,0.49724683388568836
2,0.49,0.3,0.10840548345961483,2.1443951023931955,0.4969904678778705
2,0.49,0.3,0.10840548345961483,2.4767942861253944,0.4967510264595245
2,0.49,0.3,0.10840548345961483,2.8091934698575938,0.49657678753230616
2,0.49,0.3,0.10840548345961483,3.141592653589793,0.49651248939467996
2,0.49,0.5,0.1806758057660247,0.15,0.49532957788151033
2,0.49,0.5,0.1806758057660247,0.48239918373219925,0.49512951693315577
2,0.49,0.5,0.1806758057660247,0.8147983674643985,0.4947026842989546
2,0.49,0.5,0.1806758057660247,1.1471975511965977,0.4940161751120704
2,0.49,0.5,0.1806758057660247,1.4795967349287968,0.4930265872900086
2,0.49,0.5,0.1806758057660247,1.8119959186609962,0.49170013451961014
2,0.49,0.5,0.1806758057660247,2.1443951023931955,0.49006493090546854
2,0.49,0.5,0.1806758057660247,2.4767942861253944,0.48830816194078697
2,0.49,0.5,0.1806758057660247,2.8091934698575938,0.48686222012197367
2,0.49,0.5,0.1806758057660247,3.141592653589793,0.48628779737003547
2,0.49,0.7,0.2529461280724346,0.15,0.4900102189292397
2,0.49,0.7,0.2529461280724346,0.48239918373219925,0.48929478220707545
2,0.49,0.7,0.2529461280724346,0.8147983674643985,0.4877268835048745
2,0.49,0.7,0.2529461280724346,1.1471975511965977,0.48508084012310304
2,0.49,0.7,0.2529461280724346,1.4795967349287968,0.48097608350585563
2,0.49,0.7,0.2529461280724346,1.8119959186609962,0.4748769509121995
2,0.49,0.7,0.2529461280724346,2.1443951023931955,0.46628689197928086
2,0.49,0.7,0.2529461280724346,2.4767942861253944,0.4555467734332357
2,0.49,0.7,0.2529461280724346,2.8091934698575938,0.44539564587493574
2,0.49,0.7,0.2529461280724346,3.141592653589793,0.441015146334403
2,0.49,0.85,0.307148869802242,0.15,0.4814620291783518
2,0.49,0.85,0.307148869802242,0.48239918373219925,0.47941226208718035
2,0.49,0.85,0.307148869802242,0.8147983674643985,0.47485374871104047
2,0.49,0.85,0.307148869802242,1.1471975511965977,0.4669584524482171
2,0.49,0.85,0.307148869802242,1.4795967349287968,0.4542349372629244
2,0.49,0.85,0.307148869802242,1.8119959186609962,0.4343958349959933
2,0.49,0.85,0.307148869802242,2.1443951023931955,0.4051264756745907
2,0.49,0.85,0.307148869802242,2.4767942861253944,0.3678968384159016
2,0.49,0.85,0.307148869802242,2.8091934698575938,0.3338118852775944
2,0.49,0.85,0.307148869802242,3.141592653589793,0.31976531599814506
2,0.49,1.0,0.3613516115320494,0.15,0.4607558188858021
2,0.49,1.0,0.3613516115320494,0.48239918373219925,0.45306145215542437
2,0.49,1.0,0.3613516115320494,0.8147983674643985,0.43582988538528955
2,0.49,1.0,0.3613516115320494,1.1471975511965977,0.40578138159632626
2,0.49,1.0,0.3613516115320494,1.4795967349287968,0.3576934511542975
2,0.49,1.0,0.3613516115320494,1.8119959186609962,0.28654695544412245
2,0.49,1.0,0.3613516115320494,2.1443951023931955,0.19568641987136703
2,0.49,1.0,0.3613516115320494,2.4767942861253944,0.10484699653830853
2,0.49,1.0,0.3613516115320494,2.8091934698575938,0.039877919612743895
2,0.49,1.0,0.3613516115320494,3.141592653589793,0.01671773022752676
3,0.013333333333333332,0.15,3.4239164782789993e-06,0.15,0.4259755658777269
3,0.013333333333333332,0.15,3.4239164782789993e-06,0.48239918373219925,0.4259755146094688
3,0.013333333333333332,0.15,3.4239164782789993e-06,0.8147983674643985,0.4259753718776065
3,0.013333333333333332,0.15,3.4239164782789993e-06,1.1471975511965977,0.4259751738529298
3,0.013333333333333332,0.15,3.4239164782789993e-06,1.4795967349287968,0.4259749433031801
3,0.013333333333333332,0.15,3.4239164782789993e-06,1.8119959186609962,0.42597470525097814
3,0.013333333333333332,0.15,3.4239164782789993e-06,2.1443951023931955,0.42597448616414413
3,0.013333333333333332,0.15,3.4239164782789993e-06,2.4767942861253944,0.4259743097651476
3,0.013333333333333332,0.15,3.4239164782789993e-06,2.8091934698575938,0.425974195713652
3,0.013333333333333332,0.15,3.4239164782789993e-06,3.141592653589793,0.4259741561676791
3,0.013333333333333332,0.3,6.847832956557999e-06,0.15,0.3519501487052308
3,0.013333333333333332,0.3,6.847832956557999e-06,0.48239918373219925,0.351949863204847
3,0.013333333333333332,0.3,6.847832956557999e-06,0.8147983674643985,0.3519493017736459
3,0.013333333333333332,0.3,6.847832956557999e-06,1.1471975511965977,0.35194852876123783
3,0.013333333333333332,0.3,6.847832956557999e-06,1.4795967349287968,0.3519476296982267
3,0.013333333333333332,0.3,6.847832956557999e-06,1.8119959186609962,0.3519467023975964
3,0.013333333333333332,0.3,6.847832956557999e-06,2.1443951023931955,0.3519458487834708
3,0.013333333333333332,0.3,6.847832956557999e-06,2.4767942861253944,0.35194516207560866
3,0.013333333333333332,0.3,6.847832956557999e-06,2.8091934698575938,0.35194471730590604
3,0.013333333333333332,0.3,6.847832956557999e-06,3.141592653589793,0.35194456357463055
3,0.013333333333333332,0.5,1.1413054927596665e-05,0.15,0.25324796822982165
3,0.013333333333333332,0.5,1.1413054927596665e-05,0.48239918373219925,0.2532471949082029
3,0.013333333333333332,0.5,1.1413054927596665e-05,0.8147983674643985,0.25324569012181786
3,0.013333333333333332,0.5,1.1413054927596665e-05,1.1471975511965977,0.2532436204801336
3,0.013333333333333332,0.5,1.1413054927596665e-05,1.4795967349287968,0.2532412118620313
3,0.013333333333333332,0.5,1.1413054927596665e-05,1.8119959186609962,0.25323872824736315
3,0.013333333333333332,0.5,1.1413054927596665e-05,2.1443951023931955,0.25323644132136813
3,0.013333333333333332,0.5,1.1413054927596665e-05,2.4767942861253944,0.25323460163394085
3,0.013333333333333332,0.5,1.1413054927596665e-05,2.8091934698575938,0.25323341060295146
3,0.013333333333333332,0.5,1.1413054927596665e-05,3.141592653589793,0.25323299853969283
3,0.013333333333333332,0.7,1.597827689863533e-05,0.15,0.1545439606579182
3,0.013333333333333332,0.7,1.597827689863533e-05,0.48239918373219925,0.15454249947374676
3,0.013333333333333332,0.7,1.597827689863533e-05,0.8147983674643985,0.15453966015949772
3,0.013333333333333332,0.7,1.597827689863533e-05,1.1471975511965977,0.15453575351338622
3,0.013333333333333332,0.7,1.597827689863533e-05,1.4795967349287968,0.15453120746691895
3,0.013333333333333332,0.7,1.597827689863533e-05,1.8119959186609962,0.15452651960825037
3,0.013333333333333332,0.7,1.597827689863533e-05,2.1443951023931955,0.15452220324977772
3,0.013333333333333332,0.7,1.597827689863533e-05,2.4767942861253944,0.15451873087023782
3,0.013333333333333332,0.7,1.597827689863533e-05,2.8091934698575938,0.1545164827296439
3,0.013333333333333332,0.7,1.597827689863533e-05,3.141592653589793,0.15451570496101152
3,0.013333333333333332,0.85,1.940219337691433e-05,0.15,0.08051476020613624
3,0.013333333333333332,0.85,1.940219337691433e-05,0.48239918373219925,0.08051266716111027
3,0.013333333333333332,0.85,1.940219337691433e-05,0.8147983674643985,0.08050860067759769
3,0.013333333333333332,0.85,1.940219337691433e-05,1.1471975511965977,0.08050300657045173
3,0.013333333333333332,0.85,1.940219337691433e-05,1.4795967349287968,0.08049649678295778
3,0.013333333333333332,0.85,1.940219337691433e-05,1.8119959186609962,0.0804897838946046
3,0.013333333333333332,0.85,1.940219337691433e-05,2.1443951023931955,0.080483602874863
3,0.013333333333333332,0.85,1.940219337691433e-05,2.4767942861253944,0.08047863047259352
3,0.013333333333333332,0.85,1.940219337691433e-05,2.8091934698575938,0.08047541114640344
3,0.013333333333333332,0.85,1.940219337691433e-05,3.141592653589793,0.0804742973712298
3,0.013333333333333332,1.0,2.282610985519333e-05,0.15,0.006484532535794507
3,0.013333333333333332,1.0,2.282610985519333e-05,0.48239918373219925,0.006481724245964493
3,0.013333333333333332,1.0,2.282610985519333e-05,0.8147983674643985,0.006476263570355245
3,0.013333333333333332,1.0,2.282610985519333e-05,1.1471975511965977,0.006468750628999098
3,0.013333333333333332,1.0,2.282610985519333e-05,1.4795967349287968,0.006460008005829687
3,0.013333333333333332,1.0,2.282610985519333e-05,1.8119959186609962,0.00645099266666227
3,0.013333333333333332,1.0,2.282610985519333e-05,2.1443951023931955,0.006442691548033119
3,0.013333333333333332,1.0,2.282610985519333e-05,2.4767942861253944,0.006436013635575444
3,0.013333333333333332,1.0,2.282610985519333e-05,2.8091934698575938,0.006431690055661132
3,0.013333333333333332,1.0,2.282610985519333e-05,3.141592653589793,0.00643019426172442
3,0.018704674026755658,0.15,6.811975437231997e-06,0.15,0.42635502172317175
3,0.018704674026755658,0.15,6.811975437231997e-06,0.48239918373219925,0.42635488510211417
3,0.018704674026755658,0.15,6.811975437231997e-06,0.8147983674643985,0.4263546031752141
3,0.018704674026755658,0.15,6.811975437231997e-06,1.1471975511965977,0.42635421474561186
3,0.018704674026755658,0.15,6.811975437231997e-06,1.4795967349287968,0.426353763138982
3,0.018704674026755658,0.15,6.811975437231997e-06,1.8119959186609962,0.4263532972426345
3,0.018704674026755658,0.15,6.811975437231997e-06,2.1443951023931955,0.42635286826021424
3,0.018704674026755658,0.15,6.811975437231997e-06,2.4767942861253944,0.42635252316636985
3,0.018704674026755658,0.15,6.811975437231997e-06,2.8091934698575938,0.4263522997606328
3,0.018704674026755658,0.15,6.811975437231997e-06,3.141592653589793,0.42635222239840154
3,0.018704674026755658,0.3,1.3623950874463994e-05,0.15,0.35270802926569145
3,0.018704674026755658,0.3,1.3623950874463994e-05,0.48239918373219925,0.3527074587975927
3,0.018704674026755658,0.3,1.3623950874463994e-05,0.8147983674643985,0.3527063595512159
3,0.018704674026755658,0.3,1.3623950874463994e-05,1.1471975511965977,0.35270484715463946
3,0.018704674026755658,0.3,1.3623950874463994e-05,1.4795967349287968,0.35270308747689083
3,0.018704674026755658,0.3,1.3623950874463994e-05,1.8119959186609962,0.3527012728205572
3,0.018704674026755658,0.3,1.3623950874463994e-05,2.1443951023931955,0.35269960197590544
3,0.018704674026755658,0.3,1.3623950874463994e-05,2.4767942861253944,0.352698257857591
3,0.018704674026755658,0.3,1.3623950874463994e-05,2.8091934698575938,0.3526973876071582
3,0.018704674026755658,0.3,1.3623950874463994e-05,3.141592653589793,0.3526970865745196
3,0.018704674026755658,0.5,2.2706584790773324e-05,0.15,0.2545088539147382
3,0.018704674026755658,0.5,2.2706584790773324e-05,0.48239918373219925,0.2545073367840569
3,0.018704674026755658,0.5,2.2706584790773324e-05,0.8147983674643985,0.254504393180615
3,0.018704674026755658,0.5,2.2706584790773324e-05,1.1471975511965977,0.2545003436444526
3,0.018704674026755658,0.5,2.2706584790773324e-05,1.4795967349287968,0.25449563106395257
3,0.018704674026755658,0.5,2.2706584790773324e-05,1.8119959186609962,0.2544907715297693
3,0.018704674026755658,0.5,2.2706584790773324e-05,2.1443951023931955,0.25448629689525215
3,0.018704674026755658,0.5,2.2706584790773324e-05,2.4767942861253944,0.2544826972713734
3,0.018704674026755658,0.5,2.2706584790773324e-05,2.8091934698575938,0.25448036666685936
3,0.018704674026755658,0.5,2.2706584790773324e-05,3.141592653589793,0.25447956038104413
3,0.018704674026755658,0.7,3.178921870708265e-05,0.15,0.15630606984290218
3,0.018704674026755658,0.7,3.178921870708265e-05,0.48239918373219925,0.15630320985553836
3,0.018704674026755658,0.7,3.178921870708265e-05,0.8147983674643985,0.15629765556473174
3,0.018704674026755658,0.7,3.178921870708265e-05,1.1471975511965977,0.15629001421205957
3,0.018704674026755658,0.7,3.178921870708265e-05,1.4795967349287968,0.15628112189355692
3,0.018704674026755658,0.7,3.178921870708265e-05,1.8119959186609962,0.15627195204920685
3,0.018704674026755658,0.7,3.178921870708265e-05,2.1443951023931955,0.156263508586868
3,0.018704674026755658,0.7,3.178921870708265e-05,2.4767942861253944,0.15625671598994817
3,0.018704674026755658,0.7,3.178921870708265e-05,2.8091934698575938,0.1562523181482689
3,0.018704674026755658,0.7,3.178921870708265e-05,3.141592653589793,0.1562507966571529
3,0.018704674026755658,0.85,3.860119414431465e-05,0.15,0.08265161466425286
3,0.018704674026755658,0.85,3.860119414431465e-05,0.48239918373219925,0.08264752208806536
3,0.018704674026755658,0.85,3.860119414431465e-05,0.8147983674643985,0.08263957048357762
3,0.018704674026755658,0.85,3.860119414431465e-05,1.1471975511965977,0.08262863060575287
3,0.018704674026755658,0.85,3.860119414431465e-05,1.4795967349287968,0.08261589979367989
3,0.018704674026755658,0.85,3.860119414431465e-05,1.8119959186609962,0.08260277154229612
3,0.018704674026755658,0.85,3.860119414431465e-05,2.1443951023931955,0.08259068316176466
3,0.018704674026755658,0.85,3.860119414431465e-05,2.4767942861253944,0.08258095827724032
3,0.018704674026755658,0.85,3.860119414431465e-05,2.8091934698575938,0.08257466188710394
3,0.018704674026755658,0.85,3.860119414431465e-05,3.141592653589793,0.08257248355081193
3,0.018704674026755658,1.0,4.541316958154665e-05,0.15,0.0089951372926389
3,0.018704674026755658,1.0,4.541316958154665e-05,0.48239918373219925,0.008989640358273876
3,0.018704674026755658,1.0,4.541316958154665e-05,0.8147983674643985,0.008978964103670828
3,0.018704674026755658,1.0,4.541316958154665e-05,1.1471975511965977,0.008964275505934705
3,0.018704674026755658,1.0,4.541316958154665e-05,1.4795967349287968,0.008947182199541492
3,0.018704674026755658,1.0,4.541316958154665e-05,1.8119959186609962,0.008929555139769008
3,0.018704674026755658,1.0,4.541316958154665e-05,2.1443951023931955,0.008913324164337544
3,0.018704674026755658,1.0,4.541316958154665e-05,2.4767942861253944,0.008900266578743432
3,0.018704674026755658,1.0,4.541316958154665e-05,2.8091934698575938,0.008891812372337826
3,0.018704674026755658,1.0,4.541316958154665e-05,3.141592653589793,0.008888887539765022
3,0.026239862283539077,0.15,1.3613281895746839e-05,0.15,0.42687448951101614
3,0.026239862283539077,0.15,1.3613281895746839e-05,0.48239918373219925,0.42687420783795194
3,0.026239862283539077,0.15,1.3613281895746839e-05,0.8147983674643985,0.4268736568478506
3,0.026239862283539077,0.15,1.3613281895746839e-05,1.1471975511965977,0.42687289857865607
3,0.026239862283539077,0.15,1.3613281895746839e-05,1.4795967349287968,0.42687201615368253
3,0.026239862283539077,0.15,1.3613281895746839e-05,1.8119959186609962,0.42687110617405755
3,0.026239862283539077,0.15,1.3613281895746839e-05,2.1443951023931955,0.4268702682902703
3,0.026239862283539077,0.15,1.3613281895746839e-05,2.4767942861253944,0.4268695942411962
3,0.026239862283539077,0.15,1.3613281895746839e-05,2.8091934698575938,0.42686915786428203
3,0.026239862283539077,0.15,1.3613281895746839e-05,3.141592653589793,0.4268690068475611
3,0.026239862283539077,0.3,2.7226563791493678e-05,0.15,0.35374494334033324
3,0.026239862283539077,0.3,2.7226563791493678e-05,0.48239918373219925,0.3537438381675888
3,0.026239862283539077,0.3,2.7226563791493678e-05,0.8147983674643985,0.3537416917415752
3,0.026239862283539077,0.3,2.7226563791493678e-05,1.1471975511965977,0.35373873873992645
3,0.026239862283539077,0.3,2.7226563791493678e-05,1.4795967349287968,0.3537353022207059
3,0.026239862283539077,0.3,2.7226563791493678e-05,1.8119959186609962,0.35373175843713844
3,0.026239862283539077,0.3,2.7226563791493678e-05,2.1443951023931955,0.3537284954156432
3,0.026239862283539077,0.3,2.7226563791493678e-05,2.4767942861253944,0.3537258703916857
3,0.026239862283539077,0.3,2.7226563791493678e-05,2.8091934698575938,0.35372417081448604
3,0.026239862283539077,0.3,2.7226563791493678e-05,3.141592653589793,0.3537235828174363
3,0.026239862283539077,0.5,4.537760631915613e-05,0.15,0.2562325995039516
3,0.026239862283539077,0.5,4.537760631915613e-05,0.48239918373219925,0.2562296427400892
3,0.026239862283539077,0.5,4.537760631915613e-05,0.8147983674643985,0.2562238967456345
3,0.026239862283539077,0.5,4.537760631915613e-05,1.1471975511965977,0.2562159913139017
3,0.026239862283539077,0.5,4.537760631915613e-05,1.4795967349287968,0.25620679145813074
3,0.026239862283539077,0.5,4.537760631915613e-05,1.8119959186609962,0.25619730426484333
3,0.026239862283539077,0.5,4.537760631915613e-05,2.1443951023931955,0.2561885683812859
3,0.026239862283539077,0.5,4.537760631915613e-05,2.4767942861253944,0.2561815404028456
3,0.026239862283539077,0.5,4.537760631915613e-05,2.8091934698575938,0.2561769900674935
3,0.026239862283539077,0.5,4.537760631915613e-05,3.141592653589793,0.2561754158144238
3,0.026239862283539077,0.7,6.352864884681858e-05,0.15,0.15871309310157322
3,0.026239862283539077,0.7,6.352864884681858e-05,0.48239918373219925,0.15870751460535026
3,0.026239862283539077,0.7,6.352864884681858e-05,0.8147983674643985,0.15869667672874122
3,0.026239862283539077,0.7,6.352864884681858e-05,1.1471975511965977,0.15868176530116407
3,0.026239862283539077,0.7,6.352864884681858e-05,1.4795967349287968,0.15866441220899818
3,0.026239862283539077,0.7,6.352864884681858e-05,1.8119959186609962,0.15864651662528684
3,0.026239862283539077,0.7,6.352864884681858e-05,2.1443951023931955,0.15863003788868335
3,0.026239862283539077,0.7,6.352864884681858e-05,2.4767942861253944,0.15861678057085626
3,0.026239862283539077,0.7,6.352864884681858e-05,2.8091934698575938,0.15860819685572114
3,0.026239862283539077,0.7,6.352864884681858e-05,3.141592653589793,0.15860522715629433
3,0.026239862283539077,0.85,7.714193074256543e-05,0.15,0.08556876865159535
3,0.026239862283539077,0.85,7.714193074256543e-05,0.48239918373219925,0.08556078363181063
3,0.026239862283539077,0.85,7.714193074256543e-05,0.8147983674643985,0.08554527247991484
3,0.026239862283539077,0.85,7.714193074256543e-05,1.1471975511965977,0.08552393118315793
3,0.026239862283539077,0.85,7.714193074256543e-05,1.4795967349287968,0.085499094815219
3,0.026239862283539077,0.85,7.714193074256543e-05,1.8119959186609962,0.08547348175570124
3,0.026239862283539077,0.85,7.714193074256543e-05,2.1443951023931955,0.08544989617021548
3,0.026239862283539077,0.85,7.714193074256543e-05,2.4767942861253944,0.08543092111004835
3,0.026239862283539077,0.85,7.714193074256543e-05,2.8091934698575938,0.08541863521965287
3,0.026239862283539077,0.85,7.714193074256543e-05,3.141592653589793,0.08541438467759743
3,0.026239862283539077,1.0,9.075521263831227e-05,0.15,0.01242042326223114
3,0.026239862283539077,1.0,9.075521263831227e-05,0.48239918373219925,0.01240970688622589
3,0.026239862283539077,1.0,9.075521263831227e-05,0.8147983674643985,0.012388887553806294
3,0.026239862283539077,1.0,9.075521263831227e-05,1.1471975511965977,0.012360242753020056
3,0.026239862283539077,1.0,9.075521263831227e-05,1.4795967349287968,0.012326906473634436
3,0.026239862283539077,1.0,9.075521263831227e-05,1.8119959186609962,0.012292527235638007
3,0.026239862283539077,1.0,9.075521263831227e-05,2.1443951023931955,0.01226086904255963
3,0.026239862283539077,1.0,9.075521263831227e-05,2.4767942861253944,0.012235399154496784
3,0.026239862283539077,1.0,9.075521263831227e-05,2.8091934698575938,0.012218907915652055
3,0.026239862283539077,1.0,9.075521263831227e-05,3.141592653589793,0.012213202413415614
3,0.036810605289041905,0.15,2.7378480958922805e-05,0.15,0.42757853350644304
3,0.036810605289041905,0.15,2.7378480958922805e-05,0.48239918373219925,0.4275779777162281
3,0.036810605289041905,0.15,2.7378480958922805e-05,0.8147983674643985,0.42757690412618743
3,0.036810605289041905,0.15,2.7378480958922805e-05,1.1471975511965977,0.42757542713718966
3,0.036810605289041905,0.15,2.7378480958922805e-05,1.4795967349287968,0.42757370822650986
3,0.036810605289041905,0.15,2.7378480958922805e-05,1.8119959186609962,0.4275719357048118
3,0.036810605289041905,0.15,2.7378480958922805e-05,2.1443951023931955,0.4275703035728633
3,0.036810605289041905,0.15,2.7378480958922805e-05,2.4767942861253944,0.4275689905941651
3,0.036810605289041905,0.15,2.7378480958922805e-05,2.8091934698575938,0.4275681404917293
3,0.036810605289041905,0.15,2.7378480958922805e-05,3.141592653589793,0.4275678463772079
3,0.036810605289041905,0.3,5.475696191784561e-05,0.15,0.3551490145306888
3,0.036810605289041905,0.3,5.475696191784561e-05,0.48239918373219925,0.3551468634192705
3,0.036810605289041905,0.3,5.475696191784561e-05,0.8147983674643985,0.35514268426569817
3,0.036810605289041905,0.3,5.475696191784561e-05,1.1471975511965977,0.3551369343140307
3,0.036810605289041905,0.3,5.475696191784561e-05,1.4795967349287968,0.3551302427544858
3,0.036810605289041905,0.3,5.475696191784561e-05,1.8119959186609962,0.35512334203646256
3,0.036810605289041905,0.3,5.475696191784561e-05,2.1443951023931955,0.35511698766972866
3,0.036810605289041905,0.3,5.475696191784561e-05,2.4767942861253944,0.3551118755062539
3,0.036810605289041905,0.3,5.475696191784561e-05,2.8091934698575938,0.35510856554961223
3,0.036810605289041905,0.3,5.475696191784561e-05,3.141592653589793,0.35510742040758614
3,0.036810605289041905,0.5,9.126160319640936e-05,0.15,0.2585638260820311
3,0.036810605289041905,0.5,9.126160319640936e-05,0.48239918373219925,0.2585580699586483
3,0.036810605289041905,0.5,9.126160319640936e-05,0.8147983674643985,0.25854688784915214
3,0.036810605289041905,0.5,9.126160319640936e-05,1.1471975511965977,0.25853150228463107
3,0.036810605289041905,0.5,9.126160319640936e-05,1.4795967349287968,0.25851359649369776
3,0.036810605289041905,0.5,9.126160319640936e-05,1.8119959186609962,0.2584951300273357
3,0.036810605289041905,0.5,9.126160319640936e-05,2.1443951023931955,0.25847812470750586
3,0.036810605289041905,0.5,9.126160319640936e-05,2.4767942861253944,0.25846444317670025
3,0.036810605289041905,0.5,9.126160319640936e-05,2.8091934698575938,0.258455584528992
3,0.036810605289041905,0.5,9.126160319640936e-05,3.141592653589793,0.25845251965640914
3,0.036810605289041905,0.7,0.00012776624447497309,0.15,0.16196436763307798
3,0.036810605289041905,0.7,0.00012776624447497309,0.48239918373219925,0.16195351750943243
3,0.036810605289041905,0.7,0.00012776624447497309,0.8147983674643985,0.16193243747753305
3,0.036810605289041905,0.7,0.00012776624447497309,1.1471975511965977,0.16190343240812455
3,0.036810605289041905,0.7,0.00012776624447497309,1.4795967349287968,0.16186967474215064
3,0.036810605289041905,0.7,0.00012776624447497309,1.8119959186609962,0.16183485849973422
3,0.036810605289041905,0.7,0.00012776624447497309,2.1443951023931955,0.1618027957071846
3,0.036810605289041905,0.7,0.00012776624447497309,2.4767942861253944,0.16177699879009322
3,0.036810605289041905,0.7,0.00012776624447497309,2.8091934698575938,0.16176029508827972
3,0.036810605289041905,0.7,0.00012776624447497309,3.141592653589793,0.1617545159445124
3,0.036810605289041905,0.85,0.00015514472543389591,0.15,0.0895054223725702
3,0.036810605289041905,0.85,0.00015514472543389591,0.48239918373219925,0.08948990059923378
3,0.036810605289041905,0.85,0.00015514472543389591,0.8147983674643985,0.08945974416994229
3,0.036810605289041905,0.85,0.00015514472543389591,1.1471975511965977,0.08941824963906697
3,0.036810605289041905,0.85,0.00015514472543389591,1.4795967349287968,0.08936995475528553
3,0.036810605289041905,0.85,0.00015514472543389591,1.8119959186609962,0.08932014405545541
3,0.036810605289041905,0.85,0.00015514472543389591,2.1443951023931955,0.08927427138043154
3,0.036810605289041905,0.85,0.00015514472543389591,2.4767942861253944,0.0892373625096674
3,0.036810605289041905,0.85,0.00015514472543389591,2.8091934698575938,0.08921346331076374
3,0.036810605289041905,0.85,0.00015514472543389591,3.141592653589793,0.08920519459502785
3,0.036810605289041905,1.0,0.00018252320639281872,0.15,0.017038470893385727
3,0.036810605289041905,1.0,0.00018252320639281872,0.48239918373219925,0.01701764723521526
3,0.036810605289041905,1.0,0.00018252320639281872,0.8147983674643985,0.01697719007605314
3,0.036810605289041905,1.0,0.00018252320639281872,1.1471975511965977,0.016921521050646593
3,0.036810605289041905,1.0,0.00018252320639281872,1.4795967349287968,0.01685672726424481
3,0.036810605289041905,1.0,0.00018252320639281872,1.8119959186609962,0.01678989824362831
3,0.036810605289041905,1.0,0.00018252320639281872,2.1443951023931955,0.0167283513019727
3,0.036810605289041905,1.0,0.00018252320639281872,2.4767942861253944,0.01667883001933168
3,0.036810605289041905,1.0,0.00018252320639281872,2.8091934698575938,0.01664676357670558
3,0.036810605289041905,1.0,0.00018252320639281872,3.141592653589793,0.016635669051636937
3,0.05163977794943223,0.15,5.556416248964636e-05,0.15,0.4285192828856468
3,0.05163977794943223,0.15,5.556416248964636e-05,0.48239918373219925,0.42851821003394797
3,0.05163977794943223,0.15,5.556416248964636e-05,0.8147983674643985,0.42851612675063944
3,0.05163977794943223,0.15,5.556416248964636e-05,1.1471975511965977,0.42851326053376115
3,0.05163977794943223,0.15,5.556416248964636e-05,1.4795967349287968,0.42850992491796847
3,0.05163977794943223,0.15,5.556416248964636e-05,1.8119959186609962,0.428506484990691
3,0.05163977794943223,0.15,5.556416248964636e-05,2.1443951023931955,0.4285033174095503
3,0.05163977794943223,0.15,5.556416248964636e-05,2.4767942861253944,0.42850076906722845
3,0.05163977794943223,0.15,5.556416248964636e-05,2.8091934698575938,0.4284991190851921
3,0.05163977794943223,0.15,5.556416248964636e-05,3.141592653589793,0.4284985482509178
3,0.05163977794943223,0.3,0.00011112832497929271,0.15,0.3570224535546562
3,0.05163977794943223,0.3,0.00011112832497929271,0.48239918373219925,0.3570182810021041
3,0.05163977794943223,0.3,0.00011112832497929271,0.8147983674643985,0.3570101753457253
3,0.05163977794943223,0.3,0.00011112832497929271,1.1471975511965977,0.35699902238902337
3,0.05163977794943223,0.3,0.00011112832497929271,1.4795967349287968,0.35698604196923744
3,0.05163977794943223,0.3,0.00011112832497929271,1.8119959186609962,0.35697265454650084
3,0.05163977794943223,0.3,0.00011112832497929271,2.1443951023931955,0.3569603258968306
3,0.05163977794943223,0.3,0.00011112832497929271,2.4767942861253944,0.35695040658631183
3,0.05163977794943223,0.3,0.00011112832497929271,2.8091934698575938,0.3569439837612425
3,0.05163977794943223,0.3,0.00011112832497929271,3.141592653589793,0.35694176160076463
3,0.05163977794943223,0.5,0.00018521387496548786,0.15,0.2616683101724768
3,0.05163977794943223,0.5,0.00018521387496548786,0.48239918373219925,0.2616571548039519
3,0.05163977794943223,0.5,0.00018521387496548786,0.8147983674643985,0.2616354816767623
3,0.05163977794943223,0.5,0.00018521387496548786,1.1471975511965977,0.261605658308415
3,0.05163977794943223,0.5,0.00018521387496548786,1.4795967349287968,0.26157094493866495
3,0.05163977794943223,0.5,0.00018521387496548786,1.8119959186609962,0.2615351393220329
3,0.05163977794943223,0.5,0.00018521387496548786,2.1443951023931955,0.26150216206792165
3,0.05163977794943223,0.5,0.00018521387496548786,2.4767942861253944,0.26147562707911387
3,0.05163977794943223,0.5,0.00018521387496548786,2.8091934698575938,0.2614584443626431
3,0.05163977794943223,0.5,0.00018521387496548786,3.141592653589793,0.2614524992903877
3,0.05163977794943223,0.7,0.000259299424951683,0.15,0.16628558310231512
3,0.05163977794943223,0.7,0.000259299424951683,0.48239918373219925,0.16626457067230027
3,0.05163977794943223,0.7,0.000259299424951683,0.8147983674643985,0.1662237442506289
3,0.05163977794943223,0.7,0.000259299424951683,1.1471975511965977,0.1661675613337965
3,0.05163977794943223,0.7,0.000259299424951683,1.4795967349287968,0.16610216100316944
3,0.05163977794943223,0.7,0.000259299424951683,1.8119959186609962,0.16603469685555905
3,0.05163977794943223,0.7,0.000259299424951683,2.1443951023931955,0.16597255643113806
3,0.05163977794943223,0.7,0.000259299424951683,2.4767942861253944,0.16592255167381254
3,0.05163977794943223,0.7,0.000259299424951683,2.8091934698575938,0.16589016933651957
3,0.05163977794943223,0.7,0.000259299424951683,3.141592653589793,0.1658789649943071
3,0.05163977794943223,0.85,0.00031486358744132933,0.15,0.09472980047620339
3,0.05163977794943223,0.85,0.00031486358744132933,0.48239918373219925,0.09469975998195368
3,0.05163977794943223,0.85,0.00031486358744132933,0.8147983674643985,0.09464139110025682
3,0.05163977794943223,0.85,0.00031486358744132933,1.1471975511965977,0.09456106393040709
3,0.05163977794943223,0.85,0.00031486358744132933,1.4795967349287968,0.09446755343136992
3,0.05163977794943223,0.85,0.00031486358744132933,1.8119959186609962,0.09437108661188609
3,0.05163977794943223,0.85,0.00031486358744132933,2.1443951023931955,0.0942822272910282
3,0.05163977794943223,0.85,0.00031486358744132933,2.4767942861253944,0.09421071828897842
3,0.05163977794943223,0.85,0.00031486358744132933,2.8091934698575938,0.09416440850637486
3,0.05163977794943223,0.85,0.00031486358744132933,3.141592653589793,0.09414838495137179
3,0.05163977794943223,1.0,0.0003704277499309757,0.15,0.02315797252062679
3,0.05163977794943223,1.0,0.0003704277499309757,0.48239918373219925,0.02311769895834881
3,0.05163977794943223,1.0,0.0003704277499309757,0.8147983674643985,0.023039444889003446
3,0.05163977794943223,1.0,0.0003704277499309757,1.1471975511965977,0.022931748045389888
3,0.05163977794943223,1.0,0.0003704277499309757,1.4795967349287968,0.02280637049175316
3,0.05163977794943223,1.0,0.0003704277499309757,1.8119959186609962,0.022677023030469146
3,0.05163977794943223,1.0,0.0003704277499309757,2.1443951023931955,0.022557870570210303
3,0.05163977794943223,1.0,0.0003704277499309757,2.4767942861253944,0.022461979520769226
3,0.05163977794943223,1.0,0.0003704277499309757,2.8091934698575938,0.02239987791342668
3,0.05163977794943223,1.0,0.0003704277499309757,3.141592653589793,0.022378389929918807
3,0.07244289100186307,0.15,0.00011424899888587414,0.15,0.4297517278526122
3,0.07244289100186307,0.15,0.00011424899888587414,0.48239918373219925,0.4297496571077648
3,0.07244289100186307,0.15,0.00011424899888587414,0.8147983674643985,0.42974563372890584
3,0.07244289100186307,0.15,0.00011424899888587414,1.1471975511965977,0.4297400976380672
3,0.07244289100186307,0.15,0.00011424899888587414,1.4795967349287968,0.42973365437011
3,0.07244289100186307,0.15,0.00011424899888587414,1.8119959186609962,0.4297270089962255
3,0.07244289100186307,0.15,0.00011424899888587414,2.1443951023931955,0.42972088910642126
3,0.07244289100186307,0.15,0.00011424899888587414,2.4767942861253944,0.4297159651649296
3,0.07244289100186307,0.15,0.00011424899888587414,2.8091934698575938,0.4297127768505835
3,0.07244289100186307,0.15,0.00011424899888587414,3.141592653589793,0.4297116737576545
3,0.07244289100186307,0.3,0.00022849799777174828,0.15,0.35947091301773293
3,0.07244289100186307,0.3,0.00022849799777174828,0.48239918373219925,0.3594628610756243
3,0.07244289100186307,0.3,0.00022849799777174828,0.8147983674643985,0.35944721611814723
3,0.07244289100186307,0.3,0.00022849799777174828,1.1471975511965977,0.35942568645431927
3,0.07244289100186307,0.3,0.00022849799777174828,1.4795967349287968,0.35940062463426736
3,0.07244289100186307,0.3,0.00022849799777174828,1.8119959186609962,0.3593747719890157
3,0.07244289100186307,0.3,0.00022849799777174828,2.1443951023931955,0.35935095946513274
3,0.07244289100186307,0.3,0.00022849799777174828,2.4767942861253944,0.3593317974079848
3,0.07244289100186307,0.3,0.00022849799777174828,2.8091934698575938,0.35931938835945987
3,0.07244289100186307,0.3,0.00022849799777174828,3.141592653589793,0.3593150948092516
3,0.07244289100186307,0.5,0.00038082999628624714,0.15,0.26571256742638427
3,0.07244289100186307,0.5,0.00038082999628624714,0.48239918373219925,0.2656910594734567
3,0.07244289100186307,0.5,0.00038082999628624714,0.8147983674643985,0.26564926617534623
3,0.07244289100186307,0.5,0.00038082999628624714,1.1471975511965977,0.26559174378864325
3,0.07244289100186307,0.5,0.00038082999628624714,1.4795967349287968,0.26552477125826424
3,0.07244289100186307,0.5,0.00038082999628624714,1.8119959186609962,0.26545567067108733
3,0.07244289100186307,0.5,0.00038082999628624714,2.1443951023931955,0.2653920097868476
3,0.07244289100186307,0.5,0.00038082999628624714,2.4767942861253944,0.26534077234850706
3,0.07244289100186307,0.5,0.00038082999628624714,2.8091934698575938,0.26530758738798954
3,0.07244289100186307,0.5,0.00038082999628624714,3.141592653589793,0.2652961045415818
3,0.07244289100186307,0.7,0.000533161994800746,0.15,0.17189643926661624
3,0.07244289100186307,0.7,0.000533161994800746,0.48239918373219925,0.17185596946425452
3,0.07244289100186307,0.7,0.000533161994800746,0.8147983674643985,0.1717773236033957
3,0.07244289100186307,0.7,0.000533161994800746,1.1471975511965977,0.17166906474390387
3,0.07244289100186307,0.7,0.000533161994800746,1.4795967349287968,0.1715429996711606
3,0.07244289100186307,0.7,0.000533161994800746,1.8119959186609962,0.1714129054353115
3,0.07244289100186307,0.7,0.000533161994800746,2.1443951023931955,0.17129303137222673
3,0.07244289100186307,0.7,0.000533161994800746,2.4767942861253944,0.17119653613108876
3,0.07244289100186307,0.7,0.000533161994800746,2.8091934698575938,0.17113403206879596
3,0.07244289100186307,0.7,0.000533161994800746,3.141592653589793,0.17111240278453987
3,0.07244289100186307,0.85,0.0006474109936866201,0.15,0.10149644856021767
3,0.07244289100186307,0.85,0.0006474109936866201,0.48239918373219925,0.10143864216187293
3,0.07244289100186307,0.85,0.0006474109936866201,0.8147983674643985,0.10132629992283171
3,0.07244289100186307,0.85,0.0006474109936866201,1.1471975511965977,0.1011716439815642
3,0.07244289100186307,0.85,0.0006474109936866201,1.4795967349287968,0.10099153178543818
3,0.07244289100186307,0.85,0.0006474109936866201,1.8119959186609962,0.10080564192744768
3,0.07244289100186307,0.85,0.0006474109936866201,2.1443951023931955,0.1006343365784017
3,0.07244289100186307,0.85,0.0006474109936866201,2.4767942861253944,0.10049642740827402
3,0.07244289100186307,0.85,0.0006474109936866201,2.8091934698575938,0.1004070915090245
3,0.07244289100186307,0.85,0.0006474109936866201,3.141592653589793,0.10037617602607996
3,0.07244289100186307,1.0,0.0007616599925724943,0.15,0.03106399600387122
3,0.07244289100186307,1.0,0.0007616599925724943,0.48239918373219925,0.03098657205603561
3,0.07244289100186307,1.0,0.0007616599925724943,0.8147983674643985,0.030836097844626043
3,0.07244289100186307,1.0,0.0007616599925724943,1.1471975511965977,0.030628933068999498
3,0.07244289100186307,1.0,0.0007616599925724943,1.4795967349287968,0.03038764805996963
3,0.07244289100186307,1.0,0.0007616599925724943,1.8119959186609962,0.030138599328124904
3,0.07244289100186307,1.0,0.0007616599925724943,2.1443951023931955,0.02990906909140678
3,0.07244289100186307,1.0,0.0007616599925724943,2.4767942861253944,0.02972427120549015
3,0.07244289100186307,1.0,0.0007616599925724943,2.8091934698575938,0.029604554309728526
3,0.07244289100186307,1.0,0.0007616599925724943,3.141592653589793,0.02956312392042504
3,0.10162654963092294,0.15,0.0002394265936647877,0.15,0.4313244342970062
3,0.10162654963092294,0.15,0.0002394265936647877,0.48239918373219925,0.43132045578342426
3,0.10162654963092294,0.15,0.0002394265936647877,0.8147983674643985,0.4313127251239828
3,0.10162654963092294,0.15,0.0002394265936647877,1.1471975511965977,0.4313020864981558
3,0.10162654963092294,0.15,0.0002394265936647877,1.4795967349287968,0.43128970219268337
3,0.10162654963092294,0.15,0.0002394265936647877,1.8119959186609962,0.4312769267559875
3,0.10162654963092294,0.15,0.0002394265936647877,2.1443951023931955,0.4312651591548451
3,0.10162654963092294,0.15,0.0002394265936647877,2.4767942861253944,0.4312556894927133
3,0.10162654963092294,0.15,0.0002394265936647877,2.8091934698575938,0.43124955698767864
3,0.10162654963092294,0.15,0.0002394265936647877,3.141592653589793,0.4312474351116711
3,0.10162654963092294,0.3,0.0004788531873295754,0.15,0.3625822232151499
3,0.10162654963092294,0.3,0.0004788531873295754,0.48239918373219925,0.36256676686141476
3,0.10162654963092294,0.3,0.0004788531873295754,0.8147983674643985,0.36253673055215296
3,0.10162654963092294,0.3,0.0004788531873295754,1.1471975511965977,0.36249538433563333
3,0.10162654963092294,0.3,0.0004788531873295754,1.4795967349287968,0.36244723738422824
3,0.10162654963092294,0.3,0.0004788531873295754,1.8119959186609962,0.3623975513825881
3,0.10162654963092294,0.3,0.0004788531873295754,2.1443951023931955,0.36235176849785344
3,0.10162654963092294,0.3,0.0004788531873295754,2.4767942861253944,0.3623149144170079
3,0.10162654963092294,0.3,0.0004788531873295754,2.8091934698575938,0.3622910423928951
3,0.10162654963092294,0.3,0.0004788531873295754,3.141592653589793,0.3622827815597591
3,0.10162654963092294,0.5,0.0007980886455492924,0.15,0.27082224644141095
3,0.10162654963092294,0.5,0.0007980886455492924,0.48239918373219925,0.27078101550863387
3,0.10162654963092294,0.5,0.0007980886455492924,0.8147983674643985,0.270700874094741
3,0.10162654963092294,0.5,0.0007980886455492924,1.1471975511965977,0.27059052124397054
3,0.10162654963092294,0.5,0.0007980886455492924,1.4795967349287968,0.2704619661868939
3,0.10162654963092294,0.5,0.0007980886455492924,1.8119959186609962,0.27032924418173065
3,0.10162654963092294,0.5,0.0007980886455492924,2.1443951023931955,0.27020689643949125
3,0.10162654963092294,0.5,0.0007980886455492924,2.4767942861253944,0.270108373475769
3,0.10162654963092294,0.5,0.0007980886455492924,2.8091934698575938,0.2700445385992858
3,0.10162654963092294,0.5,0.0007980886455492924,3.141592653589793,0.2700224456136413
3,0.10162654963092294,0.7,0.0011173241037690093,0.15,0.17894373323808965
3,0.10162654963092294,0.7,0.0011173241037690093,0.48239918373219925,0.17886626582794274
3,0.10162654963092294,0.7,0.0011173241037690093,0.8147983674643985,0.17871566556681961
3,0.10162654963092294,0.7,0.0011173241037690093,1.1471975511965977,0.17850823717625297
3,0.10162654963092294,0.7,0.0011173241037690093,1.4795967349287968,0.17826651353347733
3,0.10162654963092294,0.7,0.0011173241037690093,1.8119959186609962,0.17801686349259804
3,0.10162654963092294,0.7,0.0011173241037690093,2.1443951023931955,0.17778664539568645
3,0.10162654963092294,0.7,0.0011173241037690093,2.4767942861253944,0.17760120049951778
3,0.10162654963092294,0.7,0.0011173241037690093,2.8091934698575938,0.17748102006537847
3,0.10162654963092294,0.7,0.0011173241037690093,3.141592653589793,0.17743942113015376
3,0.10162654963092294,0.85,0.001356750697433797,0.15,0.10995703956567793
3,0.10162654963092294,0.85,0.001356750697433797,0.48239918373219925,0.10984652200538614
3,0.10162654963092294,0.85,0.001356750697433797,0.8147983674643985,0.10963164749661969
3,0.10162654963092294,0.85,0.001356750697433797,1.1471975511965977,0.10933564162659937
3,0.10162654963092294,0.85,0.001356750697433797,1.4795967349287968,0.10899062294066741
3,0.10162654963092294,0.85,0.001356750697433797,1.8119959186609962,0.1086342088463601
3,0.10162654963092294,0.85,0.001356750697433797,2.1443951023931955,0.10830546329381807
3,0.10162654963092294,0.85,0.001356750697433797,2.4767942861253944,0.10804060148709249
3,0.10162654963092294,0.85,0.001356750697433797,2.8091934698575938,0.10786892931325309
3,0.10162654963092294,0.85,0.001356750697433797,3.141592653589793,0.10780950270235512
3,0.10162654963092294,1.0,0.0015961772910985847,0.15,0.040903638390608066
3,0.10162654963092294,1.0,0.0015961772910985847,0.48239918373219925,0.04075581293491948
3,0.10162654963092294,1.0,0.0015961772910985847,0.8147983674643985,0.040468376578391974
3,0.10162654963092294,1.0,0.0015961772910985847,1.1471975511965977,0.040072355547605465
3,0.10162654963092294,1.0,0.0015961772910985847,1.4795967349287968,0.039610679844833685
3,0.10162654963092294,1.0,0.0015961772910985847,1.8119959186609962,0.03913366413024355
3,0.10162654963092294,1.0,0.0015961772910985847,2.1443951023931955,0.038693597025438065
3,0.10162654963092294,1.0,0.0015961772910985847,2.4767942861253944,0.03833898905044486
3,0.10162654963092294,1.0,0.0015961772910985847,2.8091934698575938,0.03810911999201383
3,0.10162654963092294,1.0,0.0015961772910985847,3.141592653589793,0.03802954277251769
3,0.1425668612482739,0.15,0.0005161029302903687,0.15,0.4332734633331716
3,0.1425668612482739,0.15,0.0005161029302903687,0.48239918373219925,0.4332658470666335
3,0.1425668612482739,0.15,0.0005161029302903687,0.8147983674643985,0.4332510455901528
3,0.1425668612482739,0.15,0.0005161029302903687,1.1471975511965977,0.4332306698037003
3,0.1425668612482739,0.15,0.0005161029302903687,1.4795967349287968,0.433206941115871
3,0.1425668612482739,0.15,0.0005161029302903687,1.8119959186609962,0.4331824523177974
3,0.1425668612482739,0.15,0.0005161029302903687,2.1443951023931955,0.4331598858044212
3,0.1425668612482739,0.15,0.0005161029302903687,2.4767942861253944,0.43314171931447465
3,0.1425668612482739,0.15,0.0005161029302903687,2.8091934698575938,0.43312995159272916
3,0.1425668612482739,0.15,0.0005161029302903687,3.141592653589793,0.43312587932469926
3,0.1425668612482739,0.3,0.0010322058605807373,0.15,0.3664073567541639
3,0.1425668612482739,0.3,0.0010322058605807373,0.48239918373219925,0.3663778007393186
3,0.1425668612482739,0.3,0.0010322058605807373,0.8147983674643985,0.36632034170721917
3,0.1425668612482739,0.3,0.0010322058605807373,1.1471975511965977,0.36624119909567576
3,0.1425668612482739,0.3,0.0010322058605807373,1.4795967349287968,0.36614896884401293
3,0.1425668612482739,0.3,0.0010322058605807373,1.8119959186609962,0.3660537113095004
3,0.1425668612482739,0.3,0.0010322058605807373,2.1443951023931955,0.36596586562011013
3,0.1425668612482739,0.3,0.0010322058605807373,2.4767942861253944,0.36589510240632017
3,0.1425668612482739,0.3,0.0010322058605807373,2.8091934698575938,0.3658492422960302
3,0.1425668612482739,0.3,0.0010322058605807373,3.141592653589793,0.36583336823092827
3,0.1425668612482739,0.5,0.0017203431009678955,0.15,0.27703500404704884
3,0.1425668612482739,0.5,0.0017203431009678955,0.48239918373219925,0.2769562876265861
3,0.1425668612482739,0.5,0.0017203431009678955,0.8147983674643985,0.2768031934839559
3,0.1425668612482739,0.5,0.0017203431009678955,1.1471975511965977,0.276592188265125
3,0.1425668612482739,0.5,0.0017203431009678955,1.4795967349287968,0.27634608884463185
3,0.1425668612482739,0.5,0.0017203431009678955,1.8119959186609962,0.27609168484163216
3,0.1425668612482739,0.5,0.0017203431009678955,2.1443951023931955,0.2758568712977385
3,0.1425668612482739,0.5,0.0017203431009678955,2.4767942861253944,0.27566757700145716
3,0.1425668612482739,0.5,0.0017203431009678955,2.8091934698575938,0.2755448314934903
3,0.1425668612482739,0.5,0.0017203431009678955,3.141592653589793,0.2755023317858136
3,0.1425668612482739,0.7,0.0024084803413550538,0.15,0.18741348199951569
3,0.1425668612482739,0.7,0.0024084803413550538,0.48239918373219925,0.187265863627067
3,0.1425668612482739,0.7,0.0024084803413550538,0.8147983674643985,0.18697866362342697
3,0.1425668612482739,0.7,0.0024084803413550538,1.1471975511965977,0.1865826083707427
3,0.1425668612482739,0.7,0.0024084803413550538,1.4795967349287968,0.1861203659168713
3,0.1425668612482739,0.7,0.0024084803413550538,1.8119959186609962,0.185642168354472
3,0.1425668612482739,0.7,0.0024084803413550538,2.1443951023931955,0.18520047306724008
3,0.1425668612482739,0.7,0.0024084803413550538,2.4767942861253944,0.1848441772308127
3,0.1425668612482739,0.7,0.0024084803413550538,2.8091934698575938,0.18461303472742263
3,0.1425668612482739,0.7,0.0024084803413550538,3.141592653589793,0.18453298378035887
3,0.1425668612482739,0.85,0.0029245832716454224,0.15,0.12003346250221103
3,0.1425668612482739,0.85,0.0029245832716454224,0.48239918373219925,0.11982320496234067
3,0.1425668612482739,0.85,0.0029245832716454224,0.8147983674643985,0.11941404802544109
3,0.1425668612482739,0.85,0.0029245832716454224,1.1471975511965977,0.11884961944336392
3,0.1425668612482739,0.85,0.0029245832716454224,1.4795967349287968,0.11819058513365666
3,0.1425668612482739,0.85,0.0029245832716454224,1.8119959186609962,0.1175084860768636
3,0.1425668612482739,0.85,0.0029245832716454224,2.1443951023931955,0.11687816830101161
3,0.1425668612482739,0.85,0.0029245832716454224,2.4767942861253944,0.11636952007338808
3,0.1425668612482739,0.85,0.0029245832716454224,2.8091934698575938,0.1160394460328209
3,0.1425668612482739,0.85,0.0029245832716454224,3.141592653589793,0.11592511503417913
3,0.1425668612482739,1.0,0.003440686201935791,0.15,0.05251269466563402
3,0.1425668612482739,1.0,0.003440686201935791,0.48239918373219925,0.052231967099835463
3,0.1425668612482739,1.0,0.003440686201935791,0.8147983674643985,0.05168557847676225
3,0.1425668612482739,1.0,0.003440686201935791,1.1471975511965977,0.05093162721792055
3,0.1425668612482739,1.0,0.003440686201935791,1.4795967349287968,0.05005099310407202
3,0.1425668612482739,1.0,0.003440686201935791,1.8119959186609962,0.049139188342797846
3,0.1425668612482739,1.0,0.003440686201935791,2.1443951023931955,0.04829628790173901
3,0.1425668612482739,1.0,0.003440686201935791,2.4767942861253944,0.04761587224366548
3,0.1425668612482739,1.0,0.003440686201935791,2.8091934698575938,0.04717422984140884
3,0.1425668612482739,1.0,0.003440686201935791,3.141592653589793,0.04702123471421604
3,0.19999999999999998,0.15,0.001161283468746127,0.15,0.43567323347816966
3,0.19999999999999998,0.15,0.001161283468746127,0.48239918373219925,0.43565858600940555
3,0.19999999999999998,0.15,0.001161283468746127,0.8147983674643985,0.435630107982822
3,0.19999999999999998,0.15,0.001161283468746127,1.1471975511965977,0.4355908782261195
3,0.19999999999999998,0.15,0.001161283468746127,1.4795967349287968,0.4355451540493258
3,0.19999999999999998,0.15,0.001161283468746127,1.8119959186609962,0.43549792105882656
3,0.19999999999999998,0.15,0.001161283468746127,2.1443951023931955,0.4354543559765549
3,0.19999999999999998,0.15,0.001161283468746127,2.4767942861253944,0.4354192575183866
3,0.19999999999999998,0.15,0.001161283468746127,2.8091934698575938,0.4353965085603597
3,0.19999999999999998,0.15,0.001161283468746127,3.141592653589793,0.4353886337714843
3,0.19999999999999998,0.3,0.002322566937492254,0.15,0.37104340681226455
3,0.19999999999999998,0.3,0.002322566937492254,0.48239918373219925,0.37098661627053153
3,0.19999999999999998,0.3,0.002322566937492254,0.8147983674643985,0.3708761202580204
3,0.19999999999999998,0.3,0.002322566937492254,1.1471975511965977,0.37072372924056385
3,0.19999999999999998,0.3,0.002322566937492254,1.4795967349287968,0.3705458496704823
3,0.19999999999999998,0.3,0.002322566937492254,1.8119959186609962,0.3703618055096545
3,0.19999999999999998,0.3,0.002322566937492254,2.1443951023931955,0.37019178731817926
3,0.19999999999999998,0.3,0.002322566937492254,2.4767942861253944,0.37005462517703736
3,0.19999999999999998,0.3,0.002322566937492254,2.8091934698575938,0.36996563519063996
3,0.19999999999999998,0.3,0.002322566937492254,3.141592653589793,0.36993481410288487
3,0.19999999999999998,0.5,0.0038709448958204233,0.15,0.2843959868555799
3,0.19999999999999998,0.5,0.0038709448958204233,0.48239918373219925,0.2842449682725319
3,0.19999999999999998,0.5,0.0038709448958204233,0.8147983674643985,0.2839508822647492
3,0.19999999999999998,0.5,0.0038709448958204233,1.1471975511965977,0.2835447437488887
3,0.19999999999999998,0.5,0.0038709448958204233,1.4795967349287968,0.28306987048935417
3,0.19999999999999998,0.5,0.0038709448958204233,1.8119959186609962,0.28257762665611863
3,0.19999999999999998,0.5,0.0038709448958204233,2.1443951023931955,0.28212207059637606
3,0.19999999999999998,0.5,0.0038709448958204233,2.4767942861253944,0.28175397230046473
3,0.19999999999999998,0.5,0.0038709448958204233,2.8091934698575938,0.28151487581480406
3,0.19999999999999998,0.5,0.0038709448958204233,3.141592653589793,0.28143201559458664
3,0.19999999999999998,0.7,0.005419322854148592,0.15,0.1972028238344481
3,0.19999999999999998,0.7,0.005419322854148592,0.48239918373219925,0.19692017768646908
3,0.19999999999999998,0.7,0.005419322854148592,0.8147983674643985,0.19636937495223306
3,0.19999999999999998,0.7,0.005419322854148592,1.1471975511965977,0.19560785550816573
3,0.19999999999999998,0.7,0.005419322854148592,1.4795967349287968,0.19471620841847326
3,0.19999999999999998,0.7,0.005419322854148592,1.8119959186609962,0.1937905279996175
3,0.19999999999999998,0.7,0.005419322854148592,2.1443951023931955,0.19293255747132831
3,0.19999999999999998,0.7,0.005419322854148592,2.4767942861253944,0.19223840160833783
3,0.19999999999999998,0.7,0.005419322854148592,2.8091934698575938,0.1917870863981881
3,0.19999999999999998,0.7,0.005419322854148592,3.141592653589793,0.19163060174675395
3,0.19999999999999998,0.85,0.00658060632289472,0.15,0.13144738158411817
3,0.19999999999999998,0.85,0.00658060632289472,0.48239918373219925,0.1310455339302412
3,0.19999999999999998,0.85,0.00658060632289472,0.8147983674643985,0.1302620969275361
3,0.19999999999999998,0.85,0.00658060632289472,1.1471975511965977,0.12917820443722872
3,0.19999999999999998,0.85,0.00658060632289472,1.4795967349287968,0.12790800971639293
3,0.19999999999999998,0.85,0.00658060632289472,1.8119959186609962,0.12658809936845739
3,0.19999999999999998,0.85,0.00658060632289472,2.1443951023931955,0.12536362079812924
3,0.19999999999999998,0.85,0.00658060632289472,2.4767942861253944,0.12437215561694015
3,0.19999999999999998,0.85,0.00658060632289472,2.8091934698575938,0.12372716841478071
3,0.19999999999999998,0.85,0.00658060632289472,3.141592653589793,0.12350346358406816
3,0.19999999999999998,1.0,0.007741889791640847,0.15,0.06538097259995701
3,0.19999999999999998,1.0,0.007741889791640847,0.48239918373219925,0.06484559443373317
3,0.19999999999999998,1.0,0.007741889791640847,0.8147983674643985,0.06380145825739025
3,0.19999999999999998,1.0,0.007741889791640847,1.1471975511965977,0.06235608542065063
3,0.19999999999999998,1.0,0.007741889791640847,1.4795967349287968,0.060661106656130004
3,0.19999999999999998,1.0,0.007741889791640847,1.8119959186609962,0.05889846180630576
3,0.19999999999999998,1.0,0.007741889791640847,2.1443951023931955,0.05726206665322686
3,0.19999999999999998,1.0,0.007741889791640847,2.4767942861253944,0.055936239450708136
3,0.19999999999999998,1.0,0.007741889791640847,2.8091934698575938,0.05507334077693704
3,0.19999999999999998,1.0,0.007741889791640847,3.141592653589793,0.05477398395871913
3,0.26476190476190475,0.15,0.002390907225004251,0.15,0.43831335259563065
3,0.26476190476190475,0.15,0.002390907225004251,0.48239918373219925,0.43828764267969844
3,0.26476190476190475,0.15,0.002390907225004251,0.8147983674643985,0.4382376194303266
3,0.26476190476190475,0.15,0.002390907225004251,1.1471975511965977,0.43816862958911296
3,0.26476190476190475,0.15,0.002390907225004251,1.4795967349287968,0.43808810053015135
3,0.26476190476190475,0.15,0.002390907225004251,1.8119959186609962,0.4380047804254905
3,0.26476190476190475,0.15,0.002390907225004251,2.1443951023931955,0.43792780985776214
3,0.26476190476190475,0.15,0.002390907225004251,2.4767942861253944,0.43786571363942617
3,0.26476190476190475,0.15,0.002390907225004251,2.8091934698575938,0.4378254258546779
3,0.26476190476190475,0.15,0.002390907225004251,3.141592653589793,0.4378114724247941
3,0.26476190476190475,0.3,0.004781814450008502,0.15,0.37602636565084424
3,0.26476190476190475,0.3,0.004781814450008502,0.48239918373219925,0.3759266460824582
3,0.26476190476190475,0.3,0.004781814450008502,0.8147983674643985,0.3757323518185782
3,0.26476190476190475,0.3,0.004781814450008502,1.1471975511965977,0.3754637982535114
3,0.26476190476190475,0.3,0.004781814450008502,1.4795967349287968,0.3751494565095108
3,0.26476190476190475,0.3,0.004781814450008502,1.8119959186609962,0.3748232303709076
3,0.26476190476190475,0.3,0.004781814450008502,2.1443951023931955,0.3745209673665808
3,0.26476190476190475,0.3,0.004781814450008502,2.4767942861253944,0.37427648573693384
3,0.26476190476190475,0.3,0.004781814450008502,2.8091934698575938,0.3741175652695996
3,0.26476190476190475,0.3,0.004781814450008502,3.141592653589793,0.3740624686732861
3,0.26476190476190475,0.5,0.00796969075001417,0.15,0.29203008190874113
3,0.26476190476190475,0.5,0.00796969075001417,0.48239918373219925,0.29176489091871916
3,0.26476190476190475,0.5,0.00796969075001417,0.8147983674643985,0.2912473610151103
3,0.26476190476190475,0.5,0.00796969075001417,1.1471975511965977,0.290530223164954
3,0.26476190476190475,0.5,0.00796969075001417,1.4795967349287968,0.28968814463258186
3,0.26476190476190475,0.5,0.00796969075001417,1.8119959186609962,0.2888111797233166
3,0.26476190476190475,0.5,0.00796969075001417,2.1443951023931955,0.28799585530502947
3,0.26476190476190475,0.5,0.00796969075001417,2.4767942861253944,0.2873344328184415
3,0.26476190476190475,0.5,0.00796969075001417,2.8091934698575938,0.28690354804722396
3,0.26476190476190475,0.5,0.00796969075001417,3.141592653589793,0.28675399029822524
3,0.26476190476190475,0.7,0.011157567050019837,0.15,0.2069347537630326
3,0.26476190476190475,0.7,0.011157567050019837,0.48239918373219925,0.20643868810357402
3,0.26476190476190475,0.7,0.011157567050019837,0.8147983674643985,0.20546933893795916
3,0.26476190476190475,0.7,0.011157567050019837,1.1471975511965977,0.2041233721373168
3,0.26476190476190475,0.7,0.011157567050019837,1.4795967349287968,0.2025388496877829
3,0.26476190476190475,0.7,0.011157567050019837,1.8119959186609962,0.20088403817169853
3,0.26476190476190475,0.7,0.011157567050019837,2.1443951023931955,0.1993413070844765
3,0.26476190476190475,0.7,0.011157567050019837,2.4767942861253944,0.19808679864592937
3,0.26476190476190475,0.7,0.011157567050019837,2.8091934698575938,0.19726811290301272
3,0.26476190476190475,0.7,0.011157567050019837,3.141592653589793,0.19698368759413287
3,0.26476190476190475,0.85,0.01354847427502409,0.15,0.14238077301036633
3,0.26476190476190475,0.85,0.01354847427502409,0.48239918373219925,0.1416760981638605
3,0.26476190476190475,0.85,0.01354847427502409,0.8147983674643985,0.14029804504799914
3,0.26476190476190475,0.85,0.01354847427502409,1.1471975511965977,0.13838226003048804
3,0.26476190476190475,0.85,0.01354847427502409,1.4795967349287968,0.13612350148484986
3,0.26476190476190475,0.85,0.01354847427502409,1.8119959186609962,0.13376063952789474
3,0.26476190476190475,0.85,0.01354847427502409,2.1443951023931955,0.13155426735376108
3,0.26476190476190475,0.85,0.01354847427502409,2.4767942861253944,0.12975761174143052
3,0.26476190476190475,0.85,0.01354847427502409,2.8091934698575938,0.12858393091799547
3,0.26476190476190475,0.85,0.01354847427502409,3.141592653589793,0.1281759553576598
3,0.26476190476190475,1.0,0.01593938150002834,0.15,0.077190021274125
3,0.26476190476190475,1.0,0.01593938150002834,0.48239918373219925,0.07625239904267955
3,0.26476190476190475,1.0,0.01593938150002834,0.8147983674643985,0.07441769246583307
3,0.26476190476190475,1.0,0.01593938150002834,1.1471975511965977,0.07186466646885359
3,0.26476190476190475,1.0,0.01593938150002834,1.4795967349287968,0.06885107177847671
3,0.26476190476190475,1.0,0.01593938150002834,1.8119959186609962,0.06569460851952602
3,0.26476190476190475,1.0,0.01593938150002834,2.1443951023931955,0.06274361451424659
3,0.26476190476190475,1.0,0.01593938150002834,2.4767942861253944,0.06033811788471222
3,0.26476190476190475,1.0,0.01593938150002834,2.8091934698575938,0.05876552198270191
3,0.26476190476190475,1.0,0.01593938150002834,3.141592653589793,0.058218665846293094
3,0.32952380952380944,0.15,0.004407443407024353,0.15,0.4415449126146096
3,0.32952380952380944,0.15,0.004407443407024353,0.48239918373219925,0.4415038019411661
3,0.32952380952380944,0.15,0.004407443407024353,0.8147983674643985,0.44142372399908725
3,0.32952380952380944,0.15,0.004407443407024353,1.1471975511965977,0.44131308888242504
3,0.32952380952380944,0.15,0.004407443407024353,1.4795967349287968,0.44118366193720426
3,0.32952380952380944,0.15,0.004407443407024353,1.8119959186609962,0.4410494227110062
3,0.32952380952380944,0.15,0.004407443407024353,2.1443951023931955,0.44092511735561346
3,0.32952380952380944,0.15,0.004407443407024353,2.4767942861253944,0.44082462582419657
3,0.32952380952380944,0.15,0.004407443407024353,2.8091934698575938,0.4407593277873907
3,0.32952380952380944,0.15,0.004407443407024353,3.141592653589793,0.44073669391785275
3,0.32952380952380944,0.3,0.008814886814048706,0.15,0.3820341815364334
3,0.32952380952380944,0.3,0.008814886814048706,0.48239918373219925,0.3818742914385542
3,0.32952380952380944,0.3,0.008814886814048706,0.8147983674643985,0.38156210212236075
3,0.32952380952380944,0.3,0.008814886814048706,1.1471975511965977,0.38112915670609837
3,0.32952380952380944,0.3,0.008814886814048706,1.4795967349287968,0.38062026590792386
3,0.32952380952380944,0.3,0.008814886814048706,1.8119959186609962,0.3800896946512142
3,0.32952380952380944,0.3,0.008814886814048706,2.1443951023931955,0.37959586560266345
3,0.32952380952380944,0.3,0.008814886814048706,2.4767942861253944,0.3791948600871904
3,0.32952380952380944,0.3,0.008814886814048706,2.8091934698575938,0.37893343431612725
3,0.32952380952380944,0.3,0.008814886814048706,3.141592653589793,0.3788426596867358
3,0.32952380952380944,0.5,0.01469147802341451,0.15,0.30099977672303435
3,0.32952380952380944,0.5,0.01469147802341451,0.48239918373219925,0.30057321090448874
3,0.32952380952380944,0.5,0.01469147802341451,0.8147983674643985,0.2997380758655632
3,0.32952380952380944,0.5,0.01469147802341451,1.1471975511965977,0.29857496084933
3,0.32952380952380944,0.5,0.01469147802341451,1.4795967349287968,0.29720044722728156
3,0.32952380952380944,0.5,0.01469147802341451,1.8119959186609962,0.29575886605998436
3,0.32952380952380944,0.5,0.01469147802341451,2.1443951023931955,0.2944092840447998
3,0.32952380952380944,0.5,0.01469147802341451,2.4767942861253944,0.29330780756144814
3,0.32952380952380944,0.5,0.01469147802341451,2.8091934698575938,0.2925870317069683
3,0.32952380952380944,0.5,0.01469147802341451,3.141592653589793,0.2923362590665948
3,0.32952380952380944,0.7,0.020568069232780314,0.15,0.21797941052065983
3,0.32952380952380944,0.7,0.020568069232780314,0.48239918373219925,0.21717942025130488
3,0.32952380952380944,0.7,0.020568069232780314,0.8147983674643985,0.21560983682432067
3,0.32952380952380944,0.7,0.020568069232780314,1.1471975511965977,0.21341646538349202
3,0.32952380952380944,0.7,0.020568069232780314,1.4795967349287968,0.21081344359725795
3,0.32952380952380944,0.7,0.020568069232780314,1.8119959186609962,0.20807069487839347
3,0.32952380952380944,0.7,0.020568069232780314,2.1443951023931955,0.20549127360001895
3,0.32952380952380944,0.7,0.020568069232780314,2.4767942861253944,0.20337772002448218
3,0.32952380952380944,0.7,0.020568069232780314,2.8091934698575938,0.20199064214324824
3,0.32952380952380944,0.7,0.020568069232780314,3.141592653589793,0.2015073057111103
3,0.32952380952380944,0.85,0.02497551263980467,0.15,0.1543711950337323
3,0.32952380952380944,0.85,0.02497551263980467,0.48239918373219925,0.15323313813256845
3,0.32952380952380944,0.85,0.02497551263980467,0.8147983674643985,0.15099752312217207
3,0.32952380952380944,0.85,0.02497551263980467,1.1471975511965977,0.14786741664201486
3,0.32952380952380944,0.85,0.02497551263980467,1.4795967349287968,0.14414379558460189
3,0.32952380952380944,0.85,0.02497551263980467,1.8119959186609962,0.1402100765266665
3,0.32952380952380944,0.85,0.02497551263980467,2.1443951023931955,0.13650128737390133
3,0.32952380952380944,0.85,0.02497551263980467,2.4767942861253944,0.13345578010081116
3,0.32952380952380944,0.85,0.02497551263980467,2.8091934698575938,0.13145394059801752
3,0.32952380952380944,0.85,0.02497551263980467,3.141592653589793,0.13075581024247196
3,0.32952380952380944,1.0,0.02938295604682902,0.15,0.08957981686172767
3,0.32952380952380944,1.0,0.02938295604682902,0.48239918373219925,0.08806408814334898
3,0.32952380952380944,1.0,0.02938295604682902,0.8147983674643985,0.08508388202395611
3,0.32952380952380944,1.0,0.02938295604682902,1.1471975511965977,0.08090544021514878
3,0.32952380952380944,1.0,0.02938295604682902,1.4795967349287968,0.07592619068551376
3,0.32952380952380944,1.0,0.02938295604682902,1.8119959186609962,0.07065643057466553
3,0.32952380952380944,1.0,0.02938295604682902,2.1443951023931955,0.06567947760631387
3,0.32952380952380944,1.0,0.02938295604682902,2.4767942861253944,0.06158675867721142
3,0.32952380952380944,1.0,0.02938295604682902,2.8091934698575938,0.05889384135840259
3,0.32952380952380944,1.0,0.02938295604682902,3.141592653589793,0.05795420777995086
3,0.39428571428571424,0.15,0.00763231466920337,0.15,0.44630279168059217
3,0.39428571428571424,0.15,0.00763231466920337,0.48239918373219925,0.4462408697819922
3,0.39428571428571424,0.15,0.00763231466920337,0.8147983674643985,0.4461200442778086
3,0.39428571428571424,0.15,0.00763231466920337,1.1471975511965977,0.44595265416131014
3,0.39428571428571424,0.15,0.00763231466920337,1.4795967349287968,0.44575615416319225
3,0.39428571428571424,0.15,0.00763231466920337,1.8119959186609962,0.44555157182627503
3,0.39428571428571424,0.15,0.00763231466920337,2.1443951023931955,0.4453614204067484
3,0.39428571428571424,0.15,0.00763231466920337,2.4767942861253944,0.44520719694366195
3,0.39428571428571424,0.15,0.00763231466920337,2.8091934698575938,0.44510674392296123
3,0.39428571428571424,0.15,0.00763231466920337,3.141592653589793,0.44507188012815657
3,0.39428571428571424,0.3,0.01526462933840674,0.15,0.3909069905064171
3,0.39428571428571424,0.3,0.01526462933840674,0.48239918373219925,0.3906646217527803
3,0.39428571428571424,0.3,0.01526462933840674,0.8147983674643985,0.39018983810043384
3,0.39428571428571424,0.3,0.01526462933840674,1.1471975511965977,0.3895279897076753
3,0.39428571428571424,0.3,0.01526462933840674,1.4795967349287968,0.38874493055855064
3,0.39428571428571424,0.3,0.01526462933840674,1.8119959186609962,0.3879225786179221
3,0.39428571428571424,0.3,0.01526462933840674,2.1443951023931955,0.38715168633938535
3,0.39428571428571424,0.3,0.01526462933840674,2.4767942861253944,0.3865217718145162
3,0.39428571428571424,0.3,0.01526462933840674,2.8091934698575938,0.3861092080413788
3,0.39428571428571424,0.3,0.01526462933840674,3.141592653589793,0.3859656004732799
3,0.39428571428571424,0.5,0.025441048897344568,0.15,0.3142745727779708
3,0.39428571428571424,0.5,0.025441048897344568,0.48239918373219925,0.3136226654011123
3,0.39428571428571424,0.5,0.025441048897344568,0.8147983674643985,0.31233998582431144
3,0.39428571428571424,0.5,0.025441048897344568,1.1471975511965977,0.3105394294206305
3,0.39428571428571424,0.5,0.025441048897344568,1.4795967349287968,0.30839022689092377
3,0.39428571428571424,0.5,0.025441048897344568,1.8119959186609962,0.30611101584809597
3,0.39428571428571424,0.5,0.025441048897344568,2.1443951023931955,0.30395369755098645
3,0.39428571428571424,0.5,0.025441048897344568,2.4767942861253944,0.302175935885711
3,0.39428571428571424,0.5,0.025441048897344568,2.8091934698575938,0.3010042662062553
3,0.39428571428571424,0.5,0.025441048897344568,3.141592653589793,0.3005950619791653
3,0.39428571428571424,0.7,0.03561746845628239,0.15,0.23430167824433257
3,0.39428571428571424,0.7,0.03561746845628239,0.48239918373219925,0.23306965579509598
3,0.39428571428571424,0.7,0.03561746845628239,0.8147983674643985,0.23063725053810447
3,0.39428571428571424,0.7,0.03561746845628239,1.1471975511965977,0.22720431961269694
3,0.39428571428571424,0.7,0.03561746845628239,1.4795967349287968,0.22307873050271043
3,0.39428571428571424,0.7,0.03561746845628239,1.8119959186609962,0.21867079834247782
3,0.39428571428571424,0.7,0.03561746845628239,2.1443951023931955,0.2144679856981977
3,0.39428571428571424,0.7,0.03561746845628239,2.4767942861253944,0.21098257794127218
3,0.39428571428571424,0.7,0.03561746845628239,2.8091934698575938,0.20867471352450062
3,0.39428571428571424,0.7,0.03561746845628239,3.141592653589793,0.20786670395720153
3,0.39428571428571424,0.85,0.04324978312548576,0.15,0.17200839296517678
3,0.39428571428571424,0.85,0.04324978312548576,0.48239918373219925,0.1702463335746398
3,0.39428571428571424,0.85,0.04324978312548576,0.8147983674643985,0.16676086999044215
3,0.39428571428571424,0.85,0.04324978312548576,1.1471975511965977,0.16182718470113389
3,0.39428571428571424,0.85,0.04324978312548576,1.4795967349287968,0.1558763270722825
3,0.39428571428571424,0.85,0.04324978312548576,1.8119959186609962,0.14949322864648518
3,0.39428571428571424,0.85,0.04324978312548576,2.1443951023931955,0.14338440088513082
3,0.39428571428571424,0.85,0.04324978312548576,2.4767942861253944,0.13830239557417823
3,0.39428571428571424,0.85,0.04324978312548576,2.8091934698575938,0.1349297829028162
3,0.39428571428571424,0.85,0.04324978312548576,3.141592653589793,0.13374761835502902
3,0.39428571428571424,1.0,0.050882097794689135,0.15,0.10763085990177634
3,0.39428571428571424,1.0,0.050882097794689135,0.48239918373219925,0.10527250772431085
3,0.39428571428571424,1.0,0.050882097794689135,0.8147983674643985,0.10060145333552284
3,0.39428571428571424,1.0,0.050882097794689135,1.1471975511965977,0.09397644768909985
3,0.39428571428571424,1.0,0.050882097794689135,1.4795967349287968,0.08596671242944165
3,0.39428571428571424,1.0,0.050882097794689135,1.8119959186609962,0.07735462796866033
3,0.39428571428571424,1.0,0.050882097794689135,2.1443951023931955,0.06909514624066371
3,0.39428571428571424,1.0,0.050882097794689135,2.4767942861253944,0.06221277640463807
3,0.39428571428571424,1.0,0.050882097794689135,2.8091934698575938,0.05764050283099942
3,0.39428571428571424,1.0,0.050882097794689135,3.141592653589793,0.05603700896051378
3,0.459047619047619,0.15,0.012788515717722987,0.15,0.4538092323163836
3,0.459047619047619,0.15,0.012788515717722987,0.48239918373219925,0.4537220540646829
3,0.459047619047619,0.15,0.012788515717722987,0.8147983674643985,0.4535514646128058
3,0.459047619047619,0.15,0.012788515717722987,1.1471975511965977,0.45331407298051474
3,0.459047619047619,0.15,0.012788515717722987,1.4795967349287968,0.45303381705826173
3,0.459047619047619,0.15,0.012788515717722987,1.8119959186609962,0.45274020478291366
3,0.459047619047619,0.15,0.012788515717722987,2.1443951023931955,0.4524656160341236
3,0.459047619047619,0.15,0.012788515717722987,2.4767942861253944,0.45224170566125355
3,0.459047619047619,0.15,0.012788515717722987,2.8091934698575938,0.4520952788094652
3,0.459047619047619,0.15,0.012788515717722987,3.141592653589793,0.45204435103139695
3,0.459047619047619,0.3,0.025577031435445974,0.15,0.40512297131578223
3,0.459047619047619,0.3,0.025577031435445974,0.48239918373219925,0.4047776398020164
3,0.459047619047619,0.3,0.025577031435445974,0.8147983674643985,0.40409752679240474
3,0.459047619047619,0.3,0.025577031435445974,1.1471975511965977,0.4031413540616733
3,0.459047619047619,0.3,0.025577031435445974,1.4795967349287968,0.401997745310529
3,0.459047619047619,0.3,0.025577031435445974,1.8119959186609962,0.40078216827627555
3,0.459047619047619,0.3,0.025577031435445974,2.1443951023931955,0.399628888057435
3,0.459047619047619,0.3,0.025577031435445974,2.4767942861253944,0.39867648579010573
3,0.459047619047619,0.3,0.025577031435445974,2.8091934698575938,0.3980477645895495
3,0.459047619047619,0.3,0.025577031435445974,3.141592653589793,0.39782799095566945
3,0.459047619047619,0.5,0.04262838572574329,0.15,0.33599503601314096
3,0.459047619047619,0.5,0.04262838572574329,0.48239918373219925,0.33505109652326004
3,0.459047619047619,0.5,0.04262838572574329,0.8147983674643985,0.3331785560397422
3,0.459047619047619,0.5,0.04262838572574329,1.1471975511965977,0.33051546314612223
3,0.459047619047619,0.5,0.04262838572574329,1.4795967349287968,0.32728313160045674
3,0.459047619047619,0.5,0.04262838572574329,1.8119959186609962,0.3237904602183488
3,0.459047619047619,0.5,0.04262838572574329,2.1443951023931955,0.32042202719289015
3,0.459047619047619,0.5,0.04262838572574329,2.4767942861253944,0.3175997743017158
3,0.459047619047619,0.5,0.04262838572574329,2.8091934698575938,0.3157164673335382
3,0.459047619047619,0.5,0.04262838572574329,3.141592653589793,0.3150543378514008
3,0.459047619047619,0.7,0.0596797400160406,0.15,0.26158677108046247
3,0.459047619047619,0.7,0.0596797400160406,0.48239918373219925,0.2597736762840164
3,0.459047619047619,0.7,0.0596797400160406,0.8147983674643985,0.2561568783183561
3,0.459047619047619,0.7,0.0596797400160406,1.1471975511965977,0.25096762864345035
3,0.459047619047619,0.7,0.0596797400160406,1.4795967349287968,0.24459852184751152
3,0.459047619047619,0.7,0.0596797400160406,1.8119959186609962,0.23763126644819477
3,0.459047619047619,0.7,0.0596797400160406,2.1443951023931955,0.23083033738259995
3,0.459047619047619,0.7,0.0596797400160406,2.4767942861253944,0.22507239341417007
3,0.459047619047619,0.7,0.0596797400160406,2.8091934698575938,0.22120062613975433
3,0.459047619047619,0.7,0.0596797400160406,3.141592653589793,0.21983391100037908
3,0.459047619047619,0.85,0.07246825573376359,0.15,0.20197277480065012
3,0.459047619047619,0.85,0.07246825573376359,0.48239918373219925,0.19934794712019
3,0.459047619047619,0.85,0.07246825573376359,0.8147983674643985,0.19409612974041535
3,0.459047619047619,0.85,0.07246825573376359,1.1471975511965977,0.18652580375296268
3,0.459047619047619,0.85,0.07246825573376359,1.4795967349287968,0.17718101756877225
3,0.459047619047619,0.85,0.07246825573376359,1.8119959186609962,0.16689708744697151
3,0.459047619047619,0.85,0.07246825573376359,2.1443951023931955,0.1568031302526398
3,0.459047619047619,0.85,0.07246825573376359,2.4767942861253944,0.1482193415037132
3,0.459047619047619,0.85,0.07246825573376359,2.8091934698575938,0.1424301662575258
3,0.459047619047619,0.85,0.07246825573376359,3.141592653589793,0.14038359887505636
3,0.459047619047619,1.0,0.08525677145148658,0.15,0.1387949071389345
3,0.459047619047619,1.0,0.08525677145148658,0.48239918373219925,0.13523919810252116
3,0.459047619047619,1.0,0.08525677145148658,0.8147983674643985,0.12811096890578688
3,0.459047619047619,1.0,0.08525677145148658,1.1471975511965977,0.11780623299183901
3,0.459047619047619,1.0,0.08525677145148658,1.4795967349287968,0.10504492721251024
3,0.459047619047619,1.0,0.08525677145148658,1.8119959186609962,0.09095988161903978
3,0.459047619047619,1.0,0.08525677145148658,2.1443951023931955,0.07710586547155773
3,0.459047619047619,1.0,0.08525677145148658,2.4767942861253944,0.06531168517776109
3,0.459047619047619,1.0,0.08525677145148658,2.8091934698575938,0.05735495062469731
3,0.459047619047619,1.0,0.08525677145148658,3.141592653589793,0.05454221314263341
3,0.5238095238095237,0.15,0.021251509461581018,0.15,0.46545996445953186
3,0.5238095238095237,0.15,0.021251509461581018,0.48239918373219925,0.46535173757658255
3,0.5238095238095237,0.15,0.021251509461581018,0.8147983674643985,0.4651389362909888
3,0.5238095238095237,0.15,0.021251509461581018,1.1471975511965977,0.4648405271611247
3,0.5238095238095237,0.15,0.021251509461581018,1.4795967349287968,0.46448478519554115
3,0.5238095238095237,0.15,0.021251509461581018,1.8119959186609962,0.4641080224464613
3,0.5238095238095237,0.15,0.021251509461581018,2.1443951023931955,0.4637518468318076
3,0.5238095238095237,0.15,0.021251509461581018,2.4767942861253944,0.46345863237862983
3,0.5238095238095237,0.15,0.021251509461581018,2.8091934698575938,0.4632655199578357
3,0.5238095238095237,0.15,0.021251509461581018,3.141592653589793,0.4631981000323717
3,0.5238095238095237,0.3,0.042503018923162036,0.15,0.4277168039806245
3,0.5238095238095237,0.3,0.042503018923162036,0.48239918373219925,0.42727895415313766
3,0.5238095238095237,0.3,0.042503018923162036,0.8147983674643985,0.4264086620147314
3,0.5238095238095237,0.3,0.042503018923162036,1.1471975511965977,0.4251669510194218
3,0.5238095238095237,0.3,0.042503018923162036,1.4795967349287968,0.4236533203146964
3,0.5238095238095237,0.3,0.042503018923162036,1.8119959186609962,0.4220094678436197
3,0.5238095238095237,0.3,0.042503018923162036,2.1443951023931955,0.42041559719964794
3,0.5238095238095237,0.3,0.042503018923162036,2.4767942861253944,0.41907351690421124
3,0.5238095238095237,0.3,0.042503018923162036,2.8091934698575938,0.418174466698054
3,0.5238095238095237,0.3,0.042503018923162036,3.141592653589793,0.41785770756419205
3,0.5238095238095237,0.5,0.07083836487193673,0.15,0.37166070608869783
3,0.5238095238095237,0.5,0.07083836487193673,0.48239918373219925,0.37042745793695997
3,0.5238095238095237,0.5,0.07083836487193673,0.8147983674643985,0.3679460083308519
3,0.5238095238095237,0.5,0.07083836487193673,1.1471975511965977,0.36433502342469604
3,0.5238095238095237,0.5,0.07083836487193673,1.4795967349287968,0.359818964347133
3,0.5238095238095237,0.5,0.07083836487193673,1.8119959186609962,0.3547689601451196
3,0.5238095238095237,0.5,0.07083836487193673,2.1443951023931955,0.34972473609689736
3,0.5238095238095237,0.5,0.07083836487193673,2.4767942861253944,0.34536237193095976
3,0.5238095238095237,0.5,0.07083836487193673,2.8091934698575938,0.3423804008017379
3,0.5238095238095237,0.5,0.07083836487193673,3.141592653589793,0.3413182720590271
3,0.5238095238095237,0.7,0.09917371082071141,0.15,0.3079107055035002
3,0.5238095238095237,0.7,0.09917371082071141,0.48239918373219925,0.30546411401588447
3,0.5238095238095237,0.7,0.09917371082071141,0.8147983674643985,0.30049459752995533
3,0.5238095238095237,0.7,0.09917371082071141,1.1471975511965977,0.2931527506638181
3,0.5238095238095237,0.7,0.09917371082071141,1.4795967349287968,0.28379019117808735
3,0.5238095238095237,0.7,0.09917371082071141,1.8119959186609962,0.27309014370660867
3,0.5238095238095237,0.7,0.09917371082071141,2.1443951023931955,0.26216972671838046
3,0.5238095238095237,0.7,0.09917371082071141,2.4767942861253944,0.25254804200472036
3,0.5238095238095237,0.7,0.09917371082071141,2.8091934698575938,0.24588157497513796
3,0.5238095238095237,0.7,0.09917371082071141,3.141592653589793,0.24349033684009513
3,0.5238095238095237,0.85,0.12042522028229244,0.15,0.25413216950599526
3,0.5238095238095237,0.85,0.12042522028229244,0.48239918373219925,0.25049713908783144
3,0.5238095238095237,0.85,0.12042522028229244,0.8147983674643985,0.24307643880046825
3,0.5238095238095237,0.85,0.12042522028229244,1.1471975511965977,0.23202706544350815
3,0.5238095238095237,0.85,0.12042522028229244,1.4795967349287968,0.21780125811782214
3,0.5238095238095237,0.85,0.12042522028229244,1.8119959186609962,0.20138350808449346
3,0.5238095238095237,0.85,0.12042522028229244,2.1443951023931955,0.18448662343721312
3,0.5238095238095237,0.85,0.12042522028229244,2.4767942861253944,0.16951198800420975
3,0.5238095238095237,0.85,0.12042522028229244,2.8091934698575938,0.15910390672531527
3,0.5238095238095237,0.85,0.12042522028229244,3.141592653589793,0.1553661216463671
3,0.5238095238095237,1.0,0.14167672974387346,0.15,0.19436006166075015
3,0.5238095238095237,1.0,0.14167672974387346,0.48239918373219925,0.18929837432168628
3,0.5238095238095237,1.0,0.14167672974387346,0.8147983674643985,0.17893313305961644
3,0.5238095238095237,1.0,0.14167672974387346,1.1471975511965977,0.16343073383839113
3,0.5238095238095237,1.0,0.14167672974387346,1.4795967349287968,0.14338117466364686
3,0.5238095238095237,1.0,0.14167672974387346,1.8119959186609962,0.12017122493810506
3,0.5238095238095237,1.0,0.14167672974387346,2.1443951023931955,0.09627581891492532
3,0.5238095238095237,1.0,0.14167672974387346,2.4767942861253944,0.07515207500800436
3,0.5238095238095237,1.0,0.14167672974387346,2.8091934698575938,0.06052721755899615
3,0.5238095238095237,1.0,0.14167672974387346,3.141592653589793,0.055290120367155415
3,0.5885714285714285,0.15,0.03620980092267488,0.15,0.48200581936596976
3,0.5885714285714285,0.15,0.03620980092267488,0.48239918373219925,0.4819088463154524
3,0.5885714285714285,0.15,0.03620980092267488,0.8147983674643985,0.48171649389096105
3,0.5885714285714285,0.15,0.03620980092267488,1.1471975511965977,0.481442947450081
3,0.5885714285714285,0.15,0.03620980092267488,1.4795967349287968,0.4811108905212238
3,0.5885714285714285,0.15,0.03620980092267488,1.8119959186609962,0.4807519487778795
3,0.5885714285714285,0.15,0.03620980092267488,2.1443951023931955,0.4804055405053729
3,0.5885714285714285,0.15,0.03620980092267488,2.4767942861253944,0.48011505371079144
3,0.5885714285714285,0.15,0.03620980092267488,2.8091934698575938,0.47992105479624225
3,0.5885714285714285,0.15,0.03620980092267488,3.141592653589793,0.4798528157300004
3,0.5885714285714285,0.3,0.07241960184534976,0.15,0.4609929957084886
3,0.5885714285714285,0.3,0.07241960184534976,0.48239918373219925,0.4605853691577968
3,0.5885714285714285,0.3,0.07241960184534976,0.8147983674643985,0.45976142095184835
3,0.5885714285714285,0.3,0.07241960184534976,1.1471975511965977,0.45855318400678846
3,0.5885714285714285,0.3,0.07241960184534976,1.4795967349287968,0.4570260174835028
3,0.5885714285714285,0.3,0.07241960184534976,1.8119959186609962,0.4552959591665189
3,0.5885714285714285,0.3,0.07241960184534976,2.1443951023931955,0.4535429566937952
3,0.5885714285714285,0.3,0.07241960184534976,2.4767942861253944,0.45200568905462335
3,0.5885714285714285,0.3,0.07241960184534976,2.8091934698575938,0.45094299350753886
3,0.5885714285714285,0.3,0.07241960184534976,3.141592653589793,0.4505620776871655
3,0.5885714285714285,0.5,0.12069933640891628,0.15,0.4269427810515687
3,0.5885714285714285,0.5,0.12069933640891628,0.48239918373219925,0.4257243253790519
3,0.5885714285714285,0.5,0.12069933640891628,0.8147983674643985,0.4232077812155064
3,0.5885714285714285,0.5,0.12069933640891628,1.1471975511965977,0.41938335302217733
3,0.5885714285714285,0.5,0.12069933640891628,1.4795967349287968,0.41431005466142445
3,0.5885714285714285,0.5,0.12069933640891628,1.8119959186609962,0.40822066415760516
3,0.5885714285714285,0.5,0.12069933640891628,2.1443951023931955,0.40165623492874847
3,0.5885714285714285,0.5,0.12069933640891628,2.4767942861253944,0.39555350354764096
3,0.5885714285714285,0.5,0.12069933640891628,2.8091934698575938,0.3911366336159836
3,0.5885714285714285,0.5,0.12069933640891628,3.141592653589793,0.38951282035337953
3,0.5885714285714285,0.7,0.16897907097248277,0.15,0.38360319759022765
3,0.5885714285714285,0.7,0.16897907097248277,0.48239918373219925,0.3810053374779758
3,0.5885714285714285,0.7,0.16897907097248277,0.8147983674643985,0.37554946242303267
3,0.5885714285714285,0.7,0.16897907097248277,1.1471975511965977,0.36702434282915153
3,0.5885714285714285,0.7,0.16897907097248277,1.4795967349287968,0.35528147745422234
3,0.5885714285714285,0.7,0.16897907097248277,1.8119959186609962,0.3405447565031081
3,0.5885714285714285,0.7,0.16897907097248277,2.1443951023931955,0.3239079336407167
3,0.5885714285714285,0.7,0.16897907097248277,2.4767942861253944,0.30779687326733685
3,0.5885714285714285,0.7,0.16897907097248277,2.8091934698575938,0.2957898136193151
3,0.5885714285714285,0.7,0.16897907097248277,3.141592653589793,0.2913097486474783
3,0.5885714285714285,0.85,0.20518887189515767,0.15,0.34271016248167596
3,0.5885714285714285,0.85,0.20518887189515767,0.48239918373219925,0.3385910854842977
3,0.5885714285714285,0.85,0.20518887189515767,0.8147983674643985,0.3298642853817597
3,0.5885714285714285,0.85,0.20518887189515767,1.1471975511965977,0.3160342749632905
3,0.5885714285714285,0.85,0.20518887189515767,1.4795967349287968,0.29664173289202234
3,0.5885714285714285,0.85,0.20518887189515767,1.8119959186609962,0.2718579849561136
3,0.5885714285714285,0.85,0.20518887189515767,2.1443951023931955,0.2434920203691484
3,0.5885714285714285,0.85,0.20518887189515767,2.4767942861253944,0.21587986912949098
3,0.5885714285714285,0.85,0.20518887189515767,2.8091934698575938,0.195356956914706
3,0.5885714285714285,0.85,0.20518887189515767,3.141592653589793,0.18773343371386697
3,0.5885714285714285,1.0,0.24139867281783256,0.15,0.2919485661697381
3,0.5885714285714285,1.0,0.24139867281783256,0.48239918373219925,0.2857512221675549
3,0.5885714285714285,1.0,0.24139867281783256,0.8147983674643985,0.27255605918447534
3,0.5885714285714285,1.0,0.24139867281783256,1.1471975511965977,0.25149923067941726
3,0.5885714285714285,1.0,0.24139867281783256,1.4795967349287968,0.22179601934332394
3,0.5885714285714285,1.0,0.24139867281783256,1.8119959186609962,0.1838290919167076
3,0.5885714285714285,1.0,0.24139867281783256,2.1443951023931955,0.14084498764481324
3,0.5885714285714285,1.0,0.24139867281783256,2.4767942861253944,0.09994144195115373
3,0.5885714285714285,1.0,0.24139867281783256,2.8091934698575938,0.07034001745771623
3,0.5885714285714285,1.0,0.24139867281783256,3.141592653589793,0.05953927241625845
3,0.6533333333333333,0.15,1.5503361304181064e-07,0.15,0.49999952941135484
3,0.6533333333333333,0.15,1.5503361304181064e-07,0.48239918373219925,0.5000000020221229
3,0.6533333333333333,0.15,1.5503361304181064e-07,0.8147983674643985,0.4999999973637732
3,0.6533333333333333,0.15,1.5503361304181064e-07,1.1471975511965977,0.4999999978902272
3,0.6533333333333333,0.15,1.5503361304181064e-07,1.4795967349287968,0.4999999980170995
3,0.6533333333333333,0.15,1.5503361304181064e-07,1.8119959186609962,0.49999999951471663
3,0.6533333333333333,0.15,1.5503361304181064e-07,2.1443951023931955,0.49999999847289067
3,0.6533333333333333,0.15,1.5503361304181064e-07,2.4767942861253944,0.4999999993344677
3,0.6533333333333333,0.15,1.5503361304181064e-07,2.8091934698575938,0.4999999992231574
3,0.6533333333333333,0.15,1.5503361304181064e-07,3.141592653589793,0.5000000002031304
3,0.6533333333333333,0.3,3.100672260836213e-07,0.15,0.5000000945762317
3,0.6533333333333333,0.3,3.100672260836213e-07,0.48239918373219925,0.4999999983206296
3,0.6533333333333333,0.3,3.100672260836213e-07,0.8147983674643985,0.4999999995312152
3,0.6533333333333333,0.3,3.100672260836213e-07,1.1471975511965977,0.5000000003322671
3,0.6533333333333333,0.3,3.100672260836213e-07,1.4795967349287968,0.49999999687503105
3,0.6533333333333333,0.3,3.100672260836213e-07,1.8119959186609962,0.49999999512705795
3,0.6533333333333333,0.3,3.100672260836213e-07,2.1443951023931955,0.49999999566249453
3,0.6533333333333333,0.3,3.100672260836213e-07,2.4767942861253944,0.49999999563158903
3,0.6533333333333333,0.3,3.100672260836213e-07,2.8091934698575938,0.49999999564000674
3,0.6533333333333333,0.3,3.100672260836213e-07,3.141592653589793,0.49999999517860094
3,0.6533333333333333,0.5,5.167787101393688e-07,0.15,0.4999999978040721
3,0.6533333333333333,0.5,5.167787101393688e-07,0.48239918373219925,0.4999999963138124
3,0.6533333333333333,0.5,5.167787101393688e-07,0.8147983674643985,0.49999999238588133
3,0.6533333333333333,0.5,5.167787101393688e-07,1.1471975511965977,0.4999999932936128
3,0.6533333333333333,0.5,5.167787101393688e-07,1.4795967349287968,0.49999999178058596
3,0.6533333333333333,0.5,5.167787101393688e-07,1.8119959186609962,0.4999999927065619
3,0.6533333333333333,0.5,5.167787101393688e-07,2.1443951023931955,0.4999999925032983
3,0.6533333333333333,0.5,5.167787101393688e-07,2.4767942861253944,0.49999999269805695
3,0.6533333333333333,0.5,5.167787101393688e-07,2.8091934698575938,0.4999999926295151
3,0.6533333333333333,0.5,5.167787101393688e-07,3.141592653589793,0.4999999927520631
3,0.6533333333333333,0.7,7.234901941951163e-07,0.15,0.5000000285807391
3,0.6533333333333333,0.7,7.234901941951163e-07,0.48239918373219925,0.5000000004030771
3,0.6533333333333333,0.7,7.234901941951163e-07,0.8147983674643985,0.49999998902005793
3,0.6533333333333333,0.7,7.234901941951163e-07,1.1471975511965977,0.49999999045853216
3,0.6533333333333333,0.7,7.234901941951163e-07,1.4795967349287968,0.4999999901527763
3,0.6533333333333333,0.7,7.234901941951163e-07,1.8119959186609962,0.4999999898401466
3,0.6533333333333333,0.7,7.234901941951163e-07,2.1443951023931955,0.49999998984810046
3,0.6533333333333333,0.7,7.234901941951163e-07,2.4767942861253944,0.4999999899935115
3,0.6533333333333333,0.7,7.234901941951163e-07,2.8091934698575938,0.4999999899766392
3,0.6533333333333333,0.7,7.234901941951163e-07,3.141592653589793,0.49999999010045837
3,0.6533333333333333,0.85,8.78523807236927e-07,0.15,0.500000001018837
3,0.6533333333333333,0.85,8.78523807236927e-07,0.48239918373219925,0.49999998868596984
3,0.6533333333333333,0.85,8.78523807236927e-07,0.8147983674643985,0.4999999868176763
3,0.6533333333333333,0.85,8.78523807236927e-07,1.1471975511965977,0.49999998835367876
3,0.6533333333333333,0.85,8.78523807236927e-07,1.4795967349287968,0.4999999875276524
3,0.6533333333333333,0.85,8.78523807236927e-07,1.8119959186609962,0.49999998751692165
3,0.6533333333333333,0.85,8.78523807236927e-07,2.1443951023931955,0.49999998761503917
3,0.6533333333333333,0.85,8.78523807236927e-07,2.4767942861253944,0.49999998766455533
3,0.6533333333333333,0.85,8.78523807236927e-07,2.8091934698575938,0.4999999875257308
3,0.6533333333333333,0.85,8.78523807236927e-07,3.141592653589793,0.49999998723029715
3,0.6533333333333333,1.0,1.0335574202787376e-06,0.15,0.4999999982164198
3,0.6533333333333333,1.0,1.0335574202787376e-06,0.48239918373219925,0.4999999869039997
3,0.6533333333333333,1.0,1.0335574202787376e-06,0.8147983674643985,0.4999999859262416
3,0.6533333333333333,1.0,1.0335574202787376e-06,1.1471975511965977,0.4999999854242527
3,0.6533333333333333,1.0,1.0335574202787376e-06,1.4795967349287968,0.4999999855838053
3,0.6533333333333333,1.0,1.0335574202787376e-06,1.8119959186609962,0.4999999852680157
3,0.6533333333333333,1.0,1.0335574202787376e-06,2.1443951023931955,0.4999999853480388
3,0.6533333333333333,1.0,1.0335574202787376e-06,2.4767942861253944,0.4999999852840764
3,0.6533333333333333,1.0,1.0335574202787376e-06,2.8091934698575938,0.49999998550823
3,0.6533333333333333,1.0,1.0335574202787376e-06,3.141592653589793,0.499999985432507
4,0.015,0.15,2.8986825556291674e-06,0.15,0.42646555572053413
4,0.015,0.15,2.8986825556291674e-06,0.48239918373219925,0.4264654721680414
4,0.015,0.15,2.8986825556291674e-06,0.8147983674643985,0.426465334639619
4,0.015,0.15,2.8986825556291674e-06,1.1471975511965977,0.42646514891575515
4,0.015,0.15,2.8986825556291674e-06,1.4795967349287968,0.42646493199551316
4,0.015,0.15,2.8986825556291674e-06,1.8119959186609962,0.4264647083849833
4,0.015,0.15,2.8986825556291674e-06,2.1443951023931955,0.4264645024881579
4,0.015,0.15,2.8986825556291674e-06,2.4767942861253944,0.4264643368270724
4,0.015,0.15,2.8986825556291674e-06,2.8091934698575938,0.42646422975641474
4,0.015,0.15,2.8986825556291674e-06,3.141592653589793,0.4264641926558046
4,0.015,0.3,5.797365111258335e-06,0.15,0.35293035201999445
4,0.015,0.3,5.797365111258335e-06,0.48239918373219925,0.3529300830266511
4,0.015,0.3,5.797365111258335e-06,0.8147983674643985,0.3529295538814803
4,0.015,0.3,5.797365111258335e-06,1.1471975511965977,0.3529288258802006
4,0.015,0.3,5.797365111258335e-06,1.4795967349287968,0.35292797866421255
4,0.015,0.3,5.797365111258335e-06,1.8119959186609962,0.35292710516932746
4,0.015,0.3,5.797365111258335e-06,2.1443951023931955,0.35292630077402043
4,0.015,0.3,5.797365111258335e-06,2.4767942861253944,0.3529256537770544
4,0.015,0.3,5.797365111258335e-06,2.8091934698575938,0.3529252349235821
4,0.015,0.3,5.797365111258335e-06,3.141592653589793,0.3529250899629188
4,0.015,0.5,9.662275185430558e-06,0.15,0.25488232172619396
4,0.015,0.5,9.662275185430558e-06,0.48239918373219925,0.2548815838838343
4,0.015,0.5,9.662275185430558e-06,0.8147983674643985,0.25488016027101357
4,0.015,0.5,9.662275185430558e-06,1.1471975511965977,0.25487820211369683
4,0.015,0.5,9.662275185430558e-06,1.4795967349287968,0.2548759234295406
4,0.015,0.5,9.662275185430558e-06,1.8119959186609962,0.25487357376062447
4,0.015,0.5,9.662275185430558e-06,2.1443951023931955,0.25487141030834826
4,0.015,0.5,9.662275185430558e-06,2.4767942861253944,0.2548696697978856
4,0.015,0.5,9.662275185430558e-06,2.8091934698575938,0.25486854299135353
4,0.015,0.5,9.662275185430558e-06,3.141592653589793,0.2548681531474557
4,0.015,0.7,1.352718525960278e-05,0.15,0.15683299537553563
4,0.015,0.7,1.352718525960278e-05,0.48239918373219925,0.15683160310274058
4,0.015,0.7,1.352718525960278e-05,0.8147983674643985,0.15682890518895332
4,0.015,0.7,1.352718525960278e-05,1.1471975511965977,0.15682519253520155
4,0.015,0.7,1.352718525960278e-05,1.4795967349287968,0.15682087231422615
4,0.015,0.7,1.352718525960278e-05,1.8119959186609962,0.15681641751753062
4,0.015,0.7,1.352718525960278e-05,2.1443951023931955,0.15681231561093378
4,0.015,0.7,1.352718525960278e-05,2.4767942861253944,0.1568090158192541
4,0.015,0.7,1.352718525960278e-05,2.8091934698575938,0.15680687937010096
4,0.015,0.7,1.352718525960278e-05,3.141592653589793,0.15680614026952955
4,0.015,0.85,1.6425867815231947e-05,0.15,0.08329516060760866
4,0.015,0.85,1.6425867815231947e-05,0.48239918373219925,0.08329316192514624
4,0.015,0.85,1.6425867815231947e-05,0.8147983674643985,0.08328928417743553
4,0.015,0.85,1.6425867815231947e-05,1.1471975511965977,0.08328394889541557
4,0.015,0.85,1.6425867815231947e-05,1.4795967349287968,0.083277740273217
4,0.015,0.85,1.6425867815231947e-05,1.8119959186609962,0.08327133813499388
4,0.015,0.85,1.6425867815231947e-05,2.1443951023931955,0.08326544320972884
4,0.015,0.85,1.6425867815231947e-05,2.4767942861253944,0.08326070102873495
4,0.015,0.85,1.6425867815231947e-05,2.8091934698575938,0.08325763073963355
4,0.015,0.85,1.6425867815231947e-05,3.141592653589793,0.0832565685653277
4,0.015,1.0,1.9324550370861115e-05,0.15,0.009756602827401872
4,0.015,1.0,1.9324550370861115e-05,0.48239918373219925,0.00975391272650561
4,0.015,1.0,1.9324550370861115e-05,0.8147983674643985,0.009748684945966701
4,0.015,1.0,1.9324550370861115e-05,1.1471975511965977,0.009741492622718395
4,0.015,1.0,1.9324550370861115e-05,1.4795967349287968,0.009733123063791371
4,0.015,1.0,1.9324550370861115e-05,1.8119959186609962,0.009724492364350912
4,0.015,1.0,1.9324550370861115e-05,2.1443951023931955,0.009716545651842434
4,0.015,1.0,1.9324550370861115e-05,2.4767942861253944,0.009710152735745048
4,0.015,1.0,1.9324550370861115e-05,2.8091934698575938,0.009706013717801554
4,0.015,1.0,1.9324550370861115e-05,3.141592653589793,0.009704581765702658
4,0.021042758280100115,0.15,5.774965053468445e-06,0.15,0.4270365587592
4,0.021042758280100115,0.15,5.774965053468445e-06,0.48239918373219925,0.42703642142779774
4,0.021042758280100115,0.15,5.774965053468445e-06,0.8147983674643985,0.42703615668407946
4,0.021042758280100115,0.15,5.774965053468445e-06,1.1471975511965977,0.42703579222380994
4,0.021042758280100115,0.15,5.774965053468445e-06,1.4795967349287968,0.4270353681058663
4,0.021042758280100115,0.15,5.774965053468445e-06,1.8119959186609962,0.42703493058995745
4,0.021042758280100115,0.15,5.774965053468445e-06,2.1443951023931955,0.4270345277586505
4,0.021042758280100115,0.15,5.774965053468445e-06,2.4767942861253944,0.42703420371856504
4,0.021042758280100115,0.15,5.774965053468445e-06,2.8091934698575938,0.42703399391072083
4,0.021042758280100115,0.15,5.774965053468445e-06,3.141592653589793,0.4270339212446568
4,0.021042758280100115,0.3,1.154993010693689e-05,0.15,0.35407168238000386
4,0.021042758280100115,0.3,1.154993010693689e-05,0.48239918373219925,0.35407115041444825
4,0.021042758280100115,0.3,1.154993010693689e-05,0.8147983674643985,0.35407011527092935
4,0.021042758280100115,0.3,1.154993010693689e-05,1.1471975511965977,0.35406869079697545
4,0.021042758280100115,0.3,1.154993010693689e-05,1.4795967349287968,0.3540670332505198
4,0.021042758280100115,0.3,1.154993010693689e-05,1.8119959186609962,0.3540653241915197
4,0.021042758280100115,0.3,1.154993010693689e-05,2.1443951023931955,0.35406375046944105
4,0.021042758280100115,0.3,1.154993010693689e-05,2.4767942861253944,0.35406248443910937
4,0.021042758280100115,0.3,1.154993010693689e-05,2.8091934698575938,0.35406166480941326
4,0.021042758280100115,0.3,1.154993010693689e-05,3.141592653589793,0.35406138122164466
4,0.021042758280100115,0.5,1.9249883511561483e-05,0.15,0.25678295680630403
4,0.021042758280100115,0.5,1.9249883511561483e-05,0.48239918373219925,0.256781524651442
4,0.021042758280100115,0.5,1.9249883511561483e-05,0.8147983674643985,0.2567787403509325
4,0.021042758280100115,0.5,1.9249883511561483e-05,1.1471975511965977,0.2567749096048284
4,0.021042758280100115,0.5,1.9249883511561483e-05,1.4795967349287968,0.25677045172496693
4,0.021042758280100115,0.5,1.9249883511561483e-05,1.8119959186609962,0.25676585470447355
4,0.021042758280100115,0.5,1.9249883511561483e-05,2.1443951023931955,0.256761621996878
4,0.021042758280100115,0.5,1.9249883511561483e-05,2.4767942861253944,0.25675821684763966
4,0.021042758280100115,0.5,1.9249883511561483e-05,2.8091934698575938,0.2567560122182455
4,0.021042758280100115,0.5,1.9249883511561483e-05,3.141592653589793,0.25675524951404416
4,0.021042758280100115,0.7,2.6949836916186075e-05,0.15,0.15949169545838604
4,0.021042758280100115,0.7,2.6949836916186075e-05,0.48239918373219925,0.15948897713564913
4,0.021042758280100115,0.7,2.6949836916186075e-05,0.8147983674643985,0.15948369823516373
4,0.021042758280100115,0.7,2.6949836916186075e-05,1.1471975511965977,0.159476436342322
4,0.021042758280100115,0.7,2.6949836916186075e-05,1.4795967349287968,0.15946798546532248
4,0.021042758280100115,0.7,2.6949836916186075e-05,1.8119959186609962,0.1594592708833218
4,0.021042758280100115,0.7,2.6949836916186075e-05,2.1443951023931955,0.1594512466734761
4,0.021042758280100115,0.7,2.6949836916186075e-05,2.4767942861253944,0.15944479143831836
4,0.021042758280100115,0.7,2.6949836916186075e-05,2.8091934698575938,0.15944061200796789
4,0.021042758280100115,0.7,2.6949836916186075e-05,3.141592653589793,0.15943916608458797
4,0.021042758280100115,0.85,3.272480196965452e-05,0.15,0.08652158215489614
4,0.021042758280100115,0.85,3.272480196965452e-05,0.48239918373219925,0.08651767809045174
4,0.021042758280100115,0.85,3.272480196965452e-05,0.8147983674643985,0.08651009322322767
4,0.021042758280100115,0.85,3.272480196965452e-05,1.1471975511965977,0.086499657784886
4,0.021042758280100115,0.85,3.272480196965452e-05,1.4795967349287968,0.08648751408697652
4,0.021042758280100115,0.85,3.272480196965452e-05,1.8119959186609962,0.0864749913680205
4,0.021042758280100115,0.85,3.272480196965452e-05,2.1443951023931955,0.0864634606532726
4,0.021042758280100115,0.85,3.272480196965452e-05,2.4767942861253944,0.0864541844346356
4,0.021042758280100115,0.85,3.272480196965452e-05,2.8091934698575938,0.08644817856696063
4,0.021042758280100115,0.85,3.272480196965452e-05,3.141592653589793,0.0864461007436983
4,0.021042758280100115,1.0,3.8499767023122966e-05,0.15,0.013550047062372617
4,0.021042758280100115,1.0,3.8499767023122966e-05,0.48239918373219925,0.013544784785785025
4,0.021042758280100115,1.0,3.8499767023122966e-05,0.8147983674643985,0.013534560724421274
4,0.021042758280100115,1.0,3.8499767023122966e-05,1.1471975511965977,0.013520494424098306
4,0.021042758280100115,1.0,3.8499767023122966e-05,1.4795967349287968,0.01350412540883017
4,0.021042758280100115,1.0,3.8499767023122966e-05,1.8119959186609962,0.013487245389815605
4,0.021042758280100115,1.0,3.8499767023122966e-05,2.1443951023931955,0.01347170245860152
4,0.021042758280100115,1.0,3.8499767023122966e-05,2.4767942861253944,0.013459198448422471
4,0.021042758280100115,1.0,3.8499767023122966e-05,2.8091934698575938,0.013451102708308182
4,0.021042758280100115,1.0,3.8499767023122966e-05,3.141592653589793,0.0134483018764322
4,0.029519845068981462,0.15,1.1563466998875532e-05,0.15,0.42781899931069045
4,0.029519845068981462,0.15,1.1563466998875532e-05,0.48239918373219925,0.4278187333865402
4,0.029519845068981462,0.15,1.1563466998875532e-05,0.8147983674643985,0.42781821649985163
4,0.029519845068981462,0.15,1.1563466998875532e-05,1.1471975511965977,0.42781750466745505
4,0.029519845068981462,0.15,1.1563466998875532e-05,1.4795967349287968,0.4278166764644815
4,0.029519845068981462,0.15,1.1563466998875532e-05,1.8119959186609962,0.4278158224914119
4,0.029519845068981462,0.15,1.1563466998875532e-05,2.1443951023931955,0.4278150361604931
4,0.029519845068981462,0.15,1.1563466998875532e-05,2.4767942861253944,0.4278144035926814
4,0.029519845068981462,0.15,1.1563466998875532e-05,2.8091934698575938,0.42781399407429754
4,0.029519845068981462,0.15,1.1563466998875532e-05,3.141592653589793,0.42781385236482916
4,0.029519845068981462,0.3,2.3126933997751063e-05,0.15,0.35563516236255643
4,0.029519845068981462,0.3,2.3126933997751063e-05,0.48239918373219925,0.35563412154652263
4,0.029519845068981462,0.3,2.3126933997751063e-05,0.8147983674643985,0.35563210113704935
4,0.029519845068981462,0.3,2.3126933997751063e-05,1.1471975511965977,0.35562932089579236
4,0.029519845068981462,0.3,2.3126933997751063e-05,1.4795967349287968,0.3556260856385176
4,0.029519845068981462,0.3,2.3126933997751063e-05,1.8119959186609962,0.35562274935592897
4,0.029519845068981462,0.3,2.3126933997751063e-05,2.1443951023931955,0.35561967741906897
4,0.029519845068981462,0.3,2.3126933997751063e-05,2.4767942861253944,0.35561720607266123
4,0.029519845068981462,0.3,2.3126933997751063e-05,2.8091934698575938,0.35561560601634956
4,0.029519845068981462,0.3,2.3126933997751063e-05,3.141592653589793,0.35561505246876846
4,0.029519845068981462,0.5,3.8544889996251774e-05,0.15,0.2593856356734161
4,0.029519845068981462,0.5,3.8544889996251774e-05,0.48239918373219925,0.25938284052457017
4,0.029519845068981462,0.5,3.8544889996251774e-05,0.8147983674643985,0.2593774063329888
4,0.029519845068981462,0.5,3.8544889996251774e-05,1.1471975511965977,0.2593699299887391
4,0.029519845068981462,0.5,3.8544889996251774e-05,1.4795967349287968,0.25936122963109653
4,0.029519845068981462,0.5,3.8544889996251774e-05,1.8119959186609962,0.25935225764433434
4,0.029519845068981462,0.5,3.8544889996251774e-05,2.1443951023931955,0.2593439961882993
4,0.029519845068981462,0.5,3.8544889996251774e-05,2.4767942861253944,0.25933734995379387
4,0.029519845068981462,0.5,3.8544889996251774e-05,2.8091934698575938,0.25933304680800484
4,0.029519845068981462,0.5,3.8544889996251774e-05,3.141592653589793,0.2593315580441482
4,0.029519845068981462,0.7,5.396284599475248e-05,0.15,0.16313108507069263
4,0.029519845068981462,0.7,5.396284599475248e-05,0.48239918373219925,0.16312578306905312
4,0.029519845068981462,0.7,5.396284599475248e-05,0.8147983674643985,0.16311548352458405
4,0.029519845068981462,0.7,5.396284599475248e-05,1.1471975511965977,0.16310131311735265
4,0.029519845068981462,0.7,5.396284599475248e-05,1.4795967349287968,0.16308482243011269
4,0.029519845068981462,0.7,5.396284599475248e-05,1.8119959186609962,0.16306781648175073
4,0.029519845068981462,0.7,5.396284599475248e-05,2.1443951023931955,0.16305215709955623
4,0.029519845068981462,0.7,5.396284599475248e-05,2.4767942861253944,0.16303955910452927
4,0.029519845068981462,0.7,5.396284599475248e-05,2.8091934698575938,0.16303140235437374
4,0.029519845068981462,0.7,5.396284599475248e-05,3.141592653589793,0.16302858037893397
4,0.029519845068981462,0.85,6.552631299362801e-05,0.15,0.0909368750619699
4,0.029519845068981462,0.85,6.552631299362801e-05,0.48239918373219925,0.09092925831168697
4,0.029519845068981462,0.85,6.552631299362801e-05,0.8147983674643985,0.09091446045375551
4,0.029519845068981462,0.85,6.552631299362801e-05,1.1471975511965977,0.09089410078891103
4,0.029519845068981462,0.85,6.552631299362801e-05,1.4795967349287968,0.09087040719466044
4,0.029519845068981462,0.85,6.552631299362801e-05,1.8119959186609962,0.09084597295423924
4,0.029519845068981462,0.85,6.552631299362801e-05,2.1443951023931955,0.09082347319275264
4,0.029519845068981462,0.85,6.552631299362801e-05,2.4767942861253944,0.09080537193780858
4,0.029519845068981462,0.85,6.552631299362801e-05,2.8091934698575938,0.09079365192660016
4,0.029519845068981462,0.85,6.552631299362801e-05,3.141592653589793,0.09078959716517798
4,0.029519845068981462,1.0,7.708977999250355e-05,0.15,0.0187398471575142
4,0.029519845068981462,1.0,7.708977999250355e-05,0.48239918373219925,0.01872958105288225
4,0.029519845068981462,1.0,7.708977999250355e-05,0.8147983674643985,0.01870963755942645
4,0.029519845068981462,1.0,7.708977999250355e-05,1.1471975511965977,0.01868219800569415
4,0.029519845068981462,1.0,7.708977999250355e-05,1.4795967349287968,0.01865026484032395
4,0.029519845068981462,1.0,7.708977999250355e-05,1.8119959186609962,0.01861733314102043
4,0.029519845068981462,1.0,7.708977999250355e-05,2.1443951023931955,0.01858700841487626
4,0.029519845068981462,1.0,7.708977999250355e-05,2.4767942861253944,0.01856261166960227
4,0.029519845068981462,1.0,7.708977999250355e-05,2.8091934698575938,0.018546815440285913
4,0.029519845068981462,1.0,7.708977999250355e-05,3.141592653589793,0.018541350423057157
4,0.04141193095017215,0.15,2.3320787603337696e-05,0.15,0.428880302778881
4,0.04141193095017215,0.15,2.3320787603337696e-05,0.48239918373219925,0.4288797845960246
4,0.04141193095017215,0.15,2.3320787603337696e-05,0.8147983674643985,0.4288787781509038
4,0.04141193095017215,0.15,2.3320787603337696e-05,1.1471975511965977,0.42887739344555054
4,0.04141193095017215,0.15,2.3320787603337696e-05,1.4795967349287968,0.42887578203385557
4,0.04141193095017215,0.15,2.3320787603337696e-05,1.8119959186609962,0.42887412039049666
4,0.04141193095017215,0.15,2.3320787603337696e-05,2.1443951023931955,0.4288725903109114
4,0.04141193095017215,0.15,2.3320787603337696e-05,2.4767942861253944,0.42887135943000443
4,0.04141193095017215,0.15,2.3320787603337696e-05,2.8091934698575938,0.4288705624997271
4,0.04141193095017215,0.15,2.3320787603337696e-05,3.141592653589793,0.42887028680080497
4,0.04141193095017215,0.3,4.664157520667539e-05,0.15,0.35775496921252237
4,0.04141193095017215,0.3,4.664157520667539e-05,0.48239918373219925,0.35775294533160973
4,0.04141193095017215,0.3,4.664157520667539e-05,0.8147983674643985,0.35774901409242155
4,0.04141193095017215,0.3,4.664157520667539e-05,1.1471975511965977,0.3577436054776786
4,0.04141193095017215,0.3,4.664157520667539e-05,1.4795967349287968,0.35773731122923946
4,0.04141193095017215,0.3,4.664157520667539e-05,1.8119959186609962,0.3577308202902234
4,0.04141193095017215,0.3,4.664157520667539e-05,2.1443951023931955,0.357724843352923
4,0.04141193095017215,0.3,4.664157520667539e-05,2.4767942861253944,0.3577200348809977
4,0.04141193095017215,0.3,4.664157520667539e-05,2.8091934698575938,0.35771692157057466
4,0.04141193095017215,0.3,4.664157520667539e-05,3.141592653589793,0.3577158444709576
4,0.04141193095017215,0.5,7.773595867779232e-05,0.15,0.26291243439452416
4,0.04141193095017215,0.5,7.773595867779232e-05,0.48239918373219925,0.2629069946594873
4,0.04141193095017215,0.5,7.773595867779232e-05,0.8147983674643985,0.26289642591703033
4,0.04141193095017215,0.5,7.773595867779232e-05,1.1471975511965977,0.2628818845684735
4,0.04141193095017215,0.5,7.773595867779232e-05,1.4795967349287968,0.2628649614999392
4,0.04141193095017215,0.5,7.773595867779232e-05,1.8119959186609962,0.2628475088655169
4,0.04141193095017215,0.5,7.773595867779232e-05,2.1443951023931955,0.2628314374400307
4,0.04141193095017215,0.5,7.773595867779232e-05,2.4767942861253944,0.26281850745422686
4,0.04141193095017215,0.5,7.773595867779232e-05,2.8091934698575938,0.26281013552430976
4,0.04141193095017215,0.5,7.773595867779232e-05,3.141592653589793,0.26280723906018455
4,0.04141193095017215,0.7,0.00010883034214890923,0.15,0.16805990962971062
4,0.04141193095017215,0.7,0.00010883034214890923,0.48239918373219925,0.16804960240487365
4,0.04141193095017215,0.7,0.00010883034214890923,0.8147983674643985,0.1680295762392805
4,0.04141193095017215,0.7,0.00010883034214890923,1.1471975511965977,0.16800202174241363
4,0.04141193095017215,0.7,0.00010883034214890923,1.4795967349287968,0.1679699529777372
4,0.04141193095017215,0.7,0.00010883034214890923,1.8119959186609962,0.1679368793885354
4,0.04141193095017215,0.7,0.00010883034214890923,2.1443951023931955,0.16790642211888018
4,0.04141193095017215,0.7,0.00010883034214890923,2.4767942861253944,0.1678819174572992
4,0.04141193095017215,0.7,0.00010883034214890923,2.8091934698575938,0.16786605072114913
4,0.04141193095017215,0.7,0.00010883034214890923,3.141592653589793,0.16786056120145076
4,0.04141193095017215,0.85,0.00013215112975224693,0.15,0.09691397196081342
4,0.04141193095017215,0.85,0.00013215112975224693,0.48239918373219925,0.09689916478125649
4,0.04141193095017215,0.85,0.00013215112975224693,0.8147983674643985,0.096870398054274
4,0.04141193095017215,0.85,0.00013215112975224693,1.1471975511965977,0.09683081645137559
4,0.04141193095017215,0.85,0.00013215112975224693,1.4795967349287968,0.09678474916880986
4,0.04141193095017215,0.85,0.00013215112975224693,1.8119959186609962,0.09673723728316719
4,0.04141193095017215,0.85,0.00013215112975224693,2.1443951023931955,0.09669348283570267
4,0.04141193095017215,0.85,0.00013215112975224693,2.4767942861253944,0.09665827908402269
4,0.04141193095017215,0.85,0.00013215112975224693,2.8091934698575938,0.09663548436436797
4,0.04141193095017215,0.85,0.00013215112975224693,3.141592653589793,0.09662759785146102
4,0.04141193095017215,1.0,0.00015547191735558463,0.15,0.025762430381872203
4,0.04141193095017215,1.0,0.00015547191735558463,0.48239918373219925,0.025742479604345503
4,0.04141193095017215,1.0,0.00015547191735558463,0.8147983674643985,0.02570371842367325
4,0.04141193095017215,1.0,0.00015547191735558463,1.1471975511965977,0.025650384259799708
4,0.04141193095017215,1.0,0.00015547191735558463,1.4795967349287968,0.025588309795428588
4,0.04141193095017215,1.0,0.00015547191735558463,1.8119959186609962,0.025524287447759475
4,0.04141193095017215,1.0,0.00015547191735558463,2.1443951023931955,0.025465327097879298
4,0.04141193095017215,1.0,0.00015547191735558463,2.4767942861253944,0.025417888233498998
4,0.04141193095017215,1.0,0.00015547191735558463,2.8091934698575938,0.025387170797080527
4,0.04141193095017215,1.0,0.00015547191735558463,3.141592653589793,0.02537654311282167
4,0.058094750193111264,0.15,4.75181347083152e-05,0.15,0.4302984795969158
4,0.058094750193111264,0.15,4.75181347083152e-05,0.48239918373219925,0.43029747637543436
4,0.058094750193111264,0.15,4.75181347083152e-05,0.8147983674643985,0.4302955271497244
4,0.058094750193111264,0.15,4.75181347083152e-05,1.1471975511965977,0.43029284521414013
4,0.058094750193111264,0.15,4.75181347083152e-05,1.4795967349287968,0.43028972416115185
4,0.058094750193111264,0.15,4.75181347083152e-05,1.8119959186609962,0.43028650558109316
4,0.058094750193111264,0.15,4.75181347083152e-05,2.1443951023931955,0.43028354184637774
4,0.058094750193111264,0.15,4.75181347083152e-05,2.4767942861253944,0.4302811575166259
4,0.058094750193111264,0.15,4.75181347083152e-05,2.8091934698575938,0.43027961374268964
4,0.058094750193111264,0.15,4.75181347083152e-05,3.141592653589793,0.430279079645588
4,0.058094750193111264,0.3,9.50362694166304e-05,0.15,0.3605857083046018
4,0.058094750193111264,0.3,9.50362694166304e-05,0.48239918373219925,0.3605817910229432
4,0.058094750193111264,0.3,9.50362694166304e-05,0.8147983674643985,0.3605741793592374
4,0.058094750193111264,0.3,9.50362694166304e-05,1.1471975511965977,0.36056370630383894
4,0.058094750193111264,0.3,9.50362694166304e-05,1.4795967349287968,0.3605515174181897
4,0.058094750193111264,0.3,9.50362694166304e-05,1.8119959186609962,0.3605389466183784
4,0.058094750193111264,0.3,9.50362694166304e-05,2.1443951023931955,0.3605273702399119
4,0.058094750193111264,0.3,9.50362694166304e-05,2.4767942861253944,0.3605180563686581
4,0.058094750193111264,0.3,9.50362694166304e-05,2.8091934698575938,0.36051202564584517
4,0.058094750193111264,0.3,9.50362694166304e-05,3.141592653589793,0.36050993915805707
4,0.058094750193111264,0.5,0.00015839378236105067,0.15,0.2676178700098366
4,0.058094750193111264,0.5,0.00015839378236105067,0.48239918373219925,0.2676073409183546
4,0.058094750193111264,0.5,0.00015839378236105067,0.8147983674643985,0.2675868845759455
4,0.058094750193111264,0.5,0.00015839378236105067,1.1471975511965977,0.26755873622731574
4,0.058094750193111264,0.5,0.00015839378236105067,1.4795967349287968,0.2675259735214244
4,0.058094750193111264,0.5,0.00015839378236105067,1.8119959186609962,0.26749218107388173
4,0.058094750193111264,0.5,0.00015839378236105067,2.1443951023931955,0.2674610589580968
4,0.058094750193111264,0.5,0.00015839378236105067,2.4767942861253944,0.2674360174050927
4,0.058094750193111264,0.5,0.00015839378236105067,2.8091934698575938,0.2674198020903036
4,0.058094750193111264,0.5,0.00015839378236105067,3.141592653589793,0.2674141917913291
4,0.058094750193111264,0.7,0.00022175129530547092,0.15,0.17463008446214978
4,0.058094750193111264,0.7,0.00022175129530547092,0.48239918373219925,0.1746101421440387
4,0.058094750193111264,0.7,0.00022175129530547092,0.8147983674643985,0.1745713954164323
4,0.058094750193111264,0.7,0.00022175129530547092,1.1471975511965977,0.1745180761150915
4,0.058094750193111264,0.7,0.00022175129530547092,1.4795967349287968,0.17445601165369173
4,0.058094750193111264,0.7,0.00022175129530547092,1.8119959186609962,0.1743919914001737
4,0.058094750193111264,0.7,0.00022175129530547092,2.1443951023931955,0.1743330255787623
4,0.058094750193111264,0.7,0.00022175129530547092,2.4767942861253944,0.1742855771612124
4,0.058094750193111264,0.7,0.00022175129530547092,2.8091934698575938,0.17425485109227723
4,0.058094750193111264,0.7,0.00022175129530547092,3.141592653589793,0.17424421997336337
4,0.058094750193111264,0.85,0.0002692694300137861,0.15,0.10487617436688468
4,0.058094750193111264,0.85,0.0002692694300137861,0.48239918373219925,0.10484753782650191
4,0.058094750193111264,0.85,0.0002692694300137861,0.8147983674643985,0.10479189751404894
4,0.058094750193111264,0.85,0.0002692694300137861,1.1471975511965977,0.10471532811715689
4,0.058094750193111264,0.85,0.0002692694300137861,1.4795967349287968,0.10462619613611102
4,0.058094750193111264,0.85,0.0002692694300137861,1.8119959186609962,0.10453425079809264
4,0.058094750193111264,0.85,0.0002692694300137861,2.1443951023931955,0.10444956046257547
4,0.058094750193111264,0.85,0.0002692694300137861,2.4767942861253944,0.10438140926362882
4,0.058094750193111264,0.85,0.0002692694300137861,2.8091934698575938,0.10433727536601456
4,0.058094750193111264,0.85,0.0002692694300137861,3.141592653589793,0.10432200493490473
4,0.058094750193111264,1.0,0.00031678756472210134,0.15,0.035111075303925876
4,0.058094750193111264,1.0,0.00031678756472210134,0.48239918373219925,0.03507250346147295
4,0.058094750193111264,1.0,0.00031678756472210134,0.8147983674643985,0.03499755767333457
4,0.058094750193111264,1.0,0.00031678756472210134,1.1471975511965977,0.03489441798945214
4,0.058094750193111264,1.0,0.00031678756472210134,1.4795967349287968,0.03477435175071708
4,0.058094750193111264,1.0,0.00031678756472210134,1.8119959186609962,0.034650490557276425
4,0.058094750193111264,1.0,0.00031678756472210134,2.1443951023931955,0.03453639804140818
4,0.058094750193111264,1.0,0.00031678756472210134,2.4767942861253944,0.034444583354490854
4,0.058094750193111264,1.0,0.00031678756472210134,2.8091934698575938,0.0343851237273316
4,0.058094750193111264,1.0,0.00031678756472210134,3.141592653589793,0.03436455027261953
4,0.08149825237709597,0.15,9.826871548825957e-05,0.15,0.4321515962555962
4,0.08149825237709597,0.15,9.826871548825957e-05,0.48239918373219925,0.43214966533955645
4,0.08149825237709597,0.15,9.826871548825957e-05,0.8147983674643985,0.4321459141687467
4,0.08149825237709597,0.15,9.826871548825957e-05,1.1471975511965977,0.4321407528217758
4,0.08149825237709597,0.15,9.826871548825957e-05,1.4795967349287968,0.4321347458374427
4,0.08149825237709597,0.15,9.826871548825957e-05,1.8119959186609962,0.43212855054625643
4,0.08149825237709597,0.15,9.826871548825957e-05,2.1443951023931955,0.4321228452567758
4,0.08149825237709597,0.15,9.826871548825957e-05,2.4767942861253944,0.43211825498594103
4,0.08149825237709597,0.15,9.826871548825957e-05,2.8091934698575938,0.4321152827693433
4,0.08149825237709597,0.15,9.826871548825957e-05,3.141592653589793,0.432114254443694
4,0.08149825237709597,0.3,0.00019653743097651914,0.15,0.3642805599035672
4,0.08149825237709597,0.3,0.00019653743097651914,0.48239918373219925,0.364273023582977
4,0.08149825237709597,0.3,0.00019653743097651914,0.8147983674643985,0.3642583810797624
4,0.08149825237709597,0.3,0.00019653743097651914,1.1471975511965977,0.3642382314760293
4,0.08149825237709597,0.3,0.00019653743097651914,1.4795967349287968,0.3642147769634474
4,0.08149825237709597,0.3,0.00019653743097651914,1.8119959186609962,0.3641905832871819
4,0.08149825237709597,0.3,0.00019653743097651914,2.1443951023931955,0.3641682996433031
4,0.08149825237709597,0.3,0.00019653743097651914,2.4767942861253944,0.3641503684744338
4,0.08149825237709597,0.3,0.00019653743097651914,2.8091934698575938,0.36413875680189656
4,0.08149825237709597,0.3,0.00019653743097651914,3.141592653589793,0.36413473919917627
4,0.08149825237709597,0.5,0.00032756238496086526,0.15,0.2737506739179125
4,0.08149825237709597,0.5,0.00032756238496086526,0.48239918373219925,0.27373043262890917
4,0.08149825237709597,0.5,0.00032756238496086526,0.8147983674643985,0.2736911016520944
4,0.08149825237709597,0.5,0.00032756238496086526,1.1471975511965977,0.27363697064853065
4,0.08149825237709597,0.5,0.00032756238496086526,1.4795967349287968,0.27357395004010243
4,0.08149825237709597,0.5,0.00032756238496086526,1.8119959186609962,0.27350893077143845
4,0.08149825237709597,0.5,0.00032756238496086526,2.1443951023931955,0.27344903335251836
4,0.08149825237709597,0.5,0.00032756238496086526,2.4767942861253944,0.27340082733165727
4,0.08149825237709597,0.5,0.00032756238496086526,2.8091934698575938,0.27336960686967604
4,0.08149825237709597,0.5,0.00032756238496086526,3.141592653589793,0.27335880399553925
4,0.08149825237709597,0.7,0.00045858733894521135,0.15,0.18318063613134594
4,0.08149825237709597,0.7,0.00045858733894521135,0.48239918373219925,0.18314232261043406
4,0.08149825237709597,0.7,0.00045858733894521135,0.8147983674643985,0.18306786944094955
4,0.08149825237709597,0.7,0.00045858733894521135,1.1471975511965977,0.1829653875963333
4,0.08149825237709597,0.7,0.00045858733894521135,1.4795967349287968,0.18284605790691089
4,0.08149825237709597,0.7,0.00045858733894521135,1.8119959186609962,0.18272292354501762
4,0.08149825237709597,0.7,0.00045858733894521135,2.1443951023931955,0.1826094708827295
4,0.08149825237709597,0.7,0.00045858733894521135,2.4767942861253944,0.18251815046601538
4,0.08149825237709597,0.7,0.00045858733894521135,2.8091934698575938,0.1824590011024827
4,0.08149825237709597,0.7,0.00045858733894521135,3.141592653589793,0.18243853320219805
4,0.08149825237709597,0.85,0.000556856054433471,0.15,0.11522678759217131
4,0.08149825237709597,0.85,0.000556856054433471,0.48239918373219925,0.11517179854755111
4,0.08149825237709597,0.85,0.000556856054433471,0.8147983674643985,0.11506493606860224
4,0.08149825237709597,0.85,0.000556856054433471,1.1471975511965977,0.11491783290603541
4,0.08149825237709597,0.85,0.000556856054433471,1.4795967349287968,0.11474652992125023
4,0.08149825237709597,0.85,0.000556856054433471,1.8119959186609962,0.11456974678709453
4,0.08149825237709597,0.85,0.000556856054433471,2.1443951023931955,0.11440684709618365
4,0.08149825237709597,0.85,0.000556856054433471,2.4767942861253944,0.11427571424163174
4,0.08149825237709597,0.85,0.000556856054433471,2.8091934698575938,0.11419077241245734
4,0.08149825237709597,0.85,0.000556856054433471,3.141592653589793,0.11416137835109619
4,0.08149825237709597,1.0,0.0006551247699217305,0.15,0.04725040033297123
4,0.08149825237709597,1.0,0.0006551247699217305,0.48239918373219925,0.04717637460716717
4,0.08149825237709597,1.0,0.0006551247699217305,0.8147983674643985,0.04703251070432879
4,0.08149825237709597,1.0,0.0006551247699217305,1.1471975511965977,0.04683445993952984
4,0.08149825237709597,1.0,0.0006551247699217305,1.4795967349287968,0.04660380944970832
4,0.08149825237709597,1.0,0.0006551247699217305,1.8119959186609962,0.04636575933447906
4,0.08149825237709597,1.0,0.0006551247699217305,2.1443951023931955,0.046146385435740456
4,0.08149825237709597,1.0,0.0006551247699217305,2.4767942861253944,0.04596977828277349
4,0.08149825237709597,1.0,0.0006551247699217305,2.8091934698575938,0.04585537409216056
4,0.08149825237709597,1.0,0.0006551247699217305,3.141592653589793,0.04581578346711823
4,0.11432986833478831,0.15,0.00020767340031082674,0.15,0.43449184122954043
4,0.11432986833478831,0.15,0.00020767340031082674,0.48239918373219925,0.43448815720714573
4,0.11432986833478831,0.15,0.00020767340031082674,0.8147983674643985,0.43448099950077324
4,0.11432986833478831,0.15,0.00020767340031082674,1.1471975511965977,0.43447114957040056
4,0.11432986833478831,0.15,0.00020767340031082674,1.4795967349287968,0.4344596837572865
4,0.11432986833478831,0.15,0.00020767340031082674,1.8119959186609962,0.4344478562450076
4,0.11432986833478831,0.15,0.00020767340031082674,2.1443951023931955,0.43443696217245553
4,0.11432986833478831,0.15,0.00020767340031082674,2.4767942861253944,0.4344281957186116
4,0.11432986833478831,0.15,0.00020767340031082674,2.8091934698575938,0.4344225187278683
4,0.11432986833478831,0.15,0.00020767340031082674,3.141592653589793,0.43442055448654093
4,0.11432986833478831,0.3,0.0004153468006216535,0.15,0.3689375409794231
4,0.11432986833478831,0.3,0.0004153468006216535,0.48239918373219925,0.3689231710727563
4,0.11432986833478831,0.3,0.0004153468006216535,0.8147983674643985,0.36889524611679914
4,0.11432986833478831,0.3,0.0004153468006216535,1.1471975511965977,0.3688568081024306
4,0.11432986833478831,0.3,0.0004153468006216535,1.4795967349287968,0.3688120503589962
4,0.11432986833478831,0.3,0.0004153468006216535,1.8119959186609962,0.36876586492367225
4,0.11432986833478831,0.3,0.0004153468006216535,2.1443951023931955,0.36872331031419936
4,0.11432986833478831,0.3,0.0004153468006216535,2.4767942861253944,0.36868905680162234
4,0.11432986833478831,0.3,0.0004153468006216535,2.8091934698575938,0.3686668701784146
4,0.11432986833478831,0.3,0.0004153468006216535,3.141592653589793,0.36865919273714876
4,0.11432986833478831,0.5,0.0006922446677027558,0.15,0.28146005855954837
4,0.11432986833478831,0.5,0.0006922446677027558,0.48239918373219925,0.281421497689583
4,0.11432986833478831,0.5,0.0006922446677027558,0.8147983674643985,0.2813465493316365
4,0.11432986833478831,0.5,0.0006922446677027558,1.1471975511965977,0.2812433544490778
4,0.11432986833478831,0.5,0.0006922446677027558,1.4795967349287968,0.281123148616911
4,0.11432986833478831,0.5,0.0006922446677027558,1.8119959186609962,0.2809990584007238
4,0.11432986833478831,0.5,0.0006922446677027558,2.1443951023931955,0.2808846784868366
4,0.11432986833478831,0.5,0.0006922446677027558,2.4767942861253944,0.2807925792612753
4,0.11432986833478831,0.5,0.0006922446677027558,2.8091934698575938,0.2807329100129514
4,0.11432986833478831,0.5,0.0006922446677027558,3.141592653589793,0.2807122593869107
4,0.11432986833478831,0.7,0.000969142534783858,0.15,0.19390060938147635
4,0.11432986833478831,0.7,0.000969142534783858,0.48239918373219925,0.19382769216247508
4,0.11432986833478831,0.7,0.000969142534783858,0.8147983674643985,0.1936859454948654
4,0.11432986833478831,0.7,0.000969142534783858,1.1471975511965977,0.19349072832160852
4,0.11432986833478831,0.7,0.000969142534783858,1.4795967349287968,0.19326325934923494
4,0.11432986833478831,0.7,0.000969142534783858,1.8119959186609962,0.19302835908930271
4,0.11432986833478831,0.7,0.000969142534783858,2.1443951023931955,0.19281176762154817
4,0.11432986833478831,0.7,0.000969142534783858,2.4767942861253944,0.19263731661055394
4,0.11432986833478831,0.7,0.000969142534783858,2.8091934698575938,0.1925242692151541
4,0.11432986833478831,0.7,0.000969142534783858,3.141592653589793,0.19248514080895163
4,0.11432986833478831,0.85,0.0011768159350946847,0.15,0.12817725281127035
4,0.11432986833478831,0.85,0.0011768159350946847,0.48239918373219925,0.12807268597330168
4,0.11432986833478831,0.85,0.0011768159350946847,0.8147983674643985,0.12786939341889392
4,0.11432986833478831,0.85,0.0011768159350946847,1.1471975511965977,0.12758936871833937
4,0.11432986833478831,0.85,0.0011768159350946847,1.4795967349287968,0.12726301562627995
4,0.11432986833478831,0.85,0.0011768159350946847,1.8119959186609962,0.1269259268461429
4,0.11432986833478831,0.85,0.0011768159350946847,2.1443951023931955,0.12661504530780565
4,0.11432986833478831,0.85,0.0011768159350946847,2.4767942861253944,0.12636460323923182
4,0.11432986833478831,0.85,0.0011768159350946847,2.8091934698575938,0.12620229027136465
4,0.11432986833478831,0.85,0.0011768159350946847,3.141592653589793,0.12614610584575914
4,0.11432986833478831,1.0,0.0013844893354055116,0.15,0.062407824902188214
4,0.11432986833478831,1.0,0.0013844893354055116,0.48239918373219925,0.06226718225490102
4,0.11432986833478831,1.0,0.0013844893354055116,0.8147983674643985,0.061993729465384506
4,0.11432986833478831,1.0,0.0013844893354055116,1.1471975511965977,0.06161701131790975
4,0.11432986833478831,1.0,0.0013844893354055116,1.4795967349287968,0.06117789239047977
4,0.11432986833478831,1.0,0.0013844893354055116,1.8119959186609962,0.0607242436906823
4,0.11432986833478831,1.0,0.0013844893354055116,2.1443951023931955,0.06030578837075873
4,0.11432986833478831,1.0,0.0013844893354055116,2.4767942861253944,0.05996863346759507
4,0.11432986833478831,1.0,0.0013844893354055116,2.8091934698575938,0.05975009629478634
4,0.11432986833478831,1.0,0.0013844893354055116,3.141592653589793,0.05967444533923061
4,0.16038771890430814,0.15,0.0004532553526527115,0.15,0.4372960391080223
4,0.16038771890430814,0.15,0.0004532553526527115,0.48239918373219925,0.43728908091447494
4,0.16038771890430814,0.15,0.0004532553526527115,0.8147983674643985,0.43727555897988757
4,0.16038771890430814,0.15,0.0004532553526527115,1.1471975511965977,0.4372569453332156
4,0.16038771890430814,0.15,0.0004532553526527115,1.4795967349287968,0.43723526983815275
4,0.16038771890430814,0.15,0.0004532553526527115,1.8119959186609962,0.4372129012085353
4,0.16038771890430814,0.15,0.0004532553526527115,2.1443951023931955,0.4371922895289593
4,0.16038771890430814,0.15,0.0004532553526527115,2.4767942861253944,0.4371756974757821
4,0.16038771890430814,0.15,0.0004532553526527115,2.8091934698575938,0.43716494998884636
4,0.16038771890430814,0.15,0.0004532553526527115,3.141592653589793,0.43716123084303904
4,0.16038771890430814,0.3,0.000906510705305423,0.15,0.37449576798726425
4,0.16038771890430814,0.3,0.000906510705305423,0.48239918373219925,0.37446865176280975
4,0.16038771890430814,0.3,0.000906510705305423,0.8147983674643985,0.3744159380199974
4,0.16038771890430814,0.3,0.000906510705305423,1.1471975511965977,0.374343336492442
4,0.16038771890430814,0.3,0.000906510705305423,1.4795967349287968,0.3742587363690961
4,0.16038771890430814,0.3,0.000906510705305423,1.8119959186609962,0.3741713677300582
4,0.16038771890430814,0.3,0.000906510705305423,2.1443951023931955,0.37409080461305266
4,0.16038771890430814,0.3,0.000906510705305423,2.4767942861253944,0.37402591303443344
4,0.16038771890430814,0.3,0.000906510705305423,2.8091934698575938,0.3739838606978174
4,0.16038771890430814,0.3,0.000906510705305423,3.141592653589793,0.373969305116415
4,0.16038771890430814,0.5,0.0015108511755090384,0.15,0.2906121045695911
4,0.16038771890430814,0.5,0.0015108511755090384,0.48239918373219925,0.29053944305530255
4,0.16038771890430814,0.5,0.0015108511755090384,0.8147983674643985,0.2903981334335588
4,0.16038771890430814,0.5,0.0015108511755090384,1.1471975511965977,0.2902033888919846
4,0.16038771890430814,0.5,0.0015108511755090384,1.4795967349287968,0.28997628160208544
4,0.16038771890430814,0.5,0.0015108511755090384,1.8119959186609962,0.289741541166443
4,0.16038771890430814,0.5,0.0015108511755090384,2.1443951023931955,0.2895249045670658
4,0.16038771890430814,0.5,0.0015108511755090384,2.4767942861253944,0.28935028284049236
4,0.16038771890430814,0.5,0.0015108511755090384,2.8091934698575938,0.28923706077423317
4,0.16038771890430814,0.5,0.0015108511755090384,3.141592653589793,0.28919786017336735
4,0.16038771890430814,0.7,0.0021151916457126537,0.15,0.20655685550297664
4,0.16038771890430814,0.7,0.0021151916457126537,0.48239918373219925,0.20641967503999714
4,0.16038771890430814,0.7,0.0021151916457126537,0.8147983674643985,0.20615280018542825
4,0.16038771890430814,0.7,0.0021151916457126537,1.1471975511965977,0.20578481186167052
4,0.16038771890430814,0.7,0.0021151916457126537,1.4795967349287968,0.2053553826510195
4,0.16038771890430814,0.7,0.0021151916457126537,1.8119959186609962,0.20491119431117077
4,0.16038771890430814,0.7,0.0021151916457126537,2.1443951023931955,0.2045009694981501
4,0.16038771890430814,0.7,0.0021151916457126537,2.4767942861253944,0.20417009958662646
4,0.16038771890430814,0.7,0.0021151916457126537,2.8091934698575938,0.20395547099197553
4,0.16038771890430814,0.7,0.0021151916457126537,3.141592653589793,0.2038811427768079
4,0.16038771890430814,0.85,0.002568446998365365,0.15,0.14340268883600404
4,0.16038771890430814,0.85,0.002568446998365365,0.48239918373219925,0.14320622715329745
4,0.16038771890430814,0.85,0.002568446998365365,0.8147983674643985,0.142823940914518
4,0.16038771890430814,0.85,0.002568446998365365,1.1471975511965977,0.14229663291499395
4,0.16038771890430814,0.85,0.002568446998365365,1.4795967349287968,0.14168101842156777
4,0.16038771890430814,0.85,0.002568446998365365,1.8119959186609962,0.14104394657620967
4,0.16038771890430814,0.85,0.002568446998365365,2.1443951023931955,0.1404553172419447
4,0.16038771890430814,0.85,0.002568446998365365,2.4767942861253944,0.1399803660589387
4,0.16038771890430814,0.85,0.002568446998365365,2.8091934698575938,0.13967218545765392
4,0.16038771890430814,0.85,0.002568446998365365,3.141592653589793,0.13956544279235494
4,0.16038771890430814,1.0,0.003021702351018077,0.15,0.08015179802280481
4,0.16038771890430814,1.0,0.003021702351018077,0.48239918373219925,0.07988794146316036
4,0.16038771890430814,1.0,0.003021702351018077,0.8147983674643985,0.07937441815285129
4,0.16038771890430814,1.0,0.003021702351018077,1.1471975511965977,0.0786658792893229
4,0.16038771890430814,1.0,0.003021702351018077,1.4795967349287968,0.07783837940254434
4,0.16038771890430814,1.0,0.003021702351018077,1.8119959186609962,0.07698169350493367
4,0.16038771890430814,1.0,0.003021702351018077,2.1443951023931955,0.07618984080560676
4,0.16038771890430814,1.0,0.003021702351018077,2.4767942861253944,0.07555069854875884
4,0.16038771890430814,1.0,0.003021702351018077,2.8091934698575938,0.07513587739205119
4,0.16038771890430814,1.0,0.003021702351018077,3.141592653589793,0.07499217957058257
4,0.22499999999999998,0.15,0.0010391826173969476,0.15,0.44040866130798073
4,0.22499999999999998,0.15,0.0010391826173969476,0.48239918373219925,0.44039561008951167
4,0.22499999999999998,0.15,0.0010391826173969476,0.8147983674643985,0.4403702363275952
4,0.22499999999999998,0.15,0.0010391826173969476,1.1471975511965977,0.44033528442958114
4,0.22499999999999998,0.15,0.0010391826173969476,1.4795967349287968,0.4402945486196803
4,0.22499999999999998,0.15,0.0010391826173969476,1.8119959186609962,0.44025247121699507
4,0.22499999999999998,0.15,0.0010391826173969476,2.1443951023931955,0.44021366372086135
4,0.22499999999999998,0.15,0.0010391826173969476,2.4767942861253944,0.4401823998902299
4,0.22499999999999998,0.15,0.0010391826173969476,2.8091934698575938,0.4401621371216893
4,0.22499999999999998,0.15,0.0010391826173969476,3.141592653589793,0.44015512309698646
4,0.22499999999999998,0.3,0.0020783652347938953,0.15,0.3806075400800828
4,0.22499999999999998,0.3,0.0020783652347938953,0.48239918373219925,0.38055674841216725
4,0.22499999999999998,0.3,0.0020783652347938953,0.8147983674643985,0.38045792864728223
4,0.22499999999999998,0.3,0.0020783652347938953,1.1471975511965977,0.3803216502546416
4,0.22499999999999998,0.3,0.0020783652347938953,1.4795967349287968,0.3801625919222704
4,0.22499999999999998,0.3,0.0020783652347938953,1.8119959186609962,0.3799980367852467
4,0.22499999999999998,0.3,0.0020783652347938953,2.1443951023931955,0.37984603642101034
4,0.22499999999999998,0.3,0.0020783652347938953,2.4767942861253944,0.3797234200231343
4,0.22499999999999998,0.3,0.0020783652347938953,2.8091934698575938,0.37964387194899274
4,0.22499999999999998,0.3,0.0020783652347938953,3.141592653589793,0.3796163218711832
4,0.22499999999999998,0.5,0.003463942057989826,0.15,0.3005449957491997
4,0.22499999999999998,0.5,0.003463942057989826,0.48239918373219925,0.3004091816526169
4,0.22499999999999998,0.5,0.003463942057989826,0.8147983674643985,0.30014471479578164
4,0.22499999999999998,0.5,0.003463942057989826,1.1471975511965977,0.2997795042505933
4,0.22499999999999998,0.5,0.003463942057989826,1.4795967349287968,0.29935252011566793
4,0.22499999999999998,0.5,0.003463942057989826,1.8119959186609962,0.2989099566633395
4,0.22499999999999998,0.5,0.003463942057989826,2.1443951023931955,0.2985004142539609
4,0.22499999999999998,0.5,0.003463942057989826,2.4767942861253944,0.2981695213315887
4,0.22499999999999998,0.5,0.003463942057989826,2.8091934698575938,0.29795460364700066
4,0.22499999999999998,0.5,0.003463942057989826,3.141592653589793,0.29788012497866245
4,0.22499999999999998,0.7,0.004849518881185756,0.15,0.2201061630901886
4,0.22499999999999998,0.7,0.004849518881185756,0.48239918373219925,0.21985039316412647
4,0.22499999999999998,0.7,0.004849518881185756,0.8147983674643985,0.21935197127816908
4,0.22499999999999998,0.7,0.004849518881185756,1.1471975511965977,0.21866288531055988
4,0.22499999999999998,0.7,0.004849518881185756,1.4795967349287968,0.21785606967961146
4,0.22499999999999998,0.7,0.004849518881185756,1.8119959186609962,0.2170184828320092
4,0.22499999999999998,0.7,0.004849518881185756,2.1443951023931955,0.21624218475435297
4,0.22499999999999998,0.7,0.004849518881185756,2.4767942861253944,0.21561412366789923
4,0.22499999999999998,0.7,0.004849518881185756,2.8091934698575938,0.21520578885626218
4,0.22499999999999998,0.7,0.004849518881185756,3.141592653589793,0.21506420828986061
4,0.22499999999999998,0.85,0.005888701498582703,0.15,0.15952893979028704
4,0.22499999999999998,0.85,0.005888701498582703,0.48239918373219925,0.15916342425266894
4,0.22499999999999998,0.85,0.005888701498582703,0.8147983674643985,0.15845080195646366
4,0.22499999999999998,0.85,0.005888701498582703,1.1471975511965977,0.1574648435718431
4,0.22499999999999998,0.85,0.005888701498582703,1.4795967349287968,0.15630935979726823
4,0.22499999999999998,0.85,0.005888701498582703,1.8119959186609962,0.15510858692930984
4,0.22499999999999998,0.85,0.005888701498582703,2.1443951023931955,0.15399457537404015
4,0.22499999999999998,0.85,0.005888701498582703,2.4767942861253944,0.15309251650741085
4,0.22499999999999998,0.85,0.005888701498582703,2.8091934698575938,0.15250567302479445
4,0.22499999999999998,0.85,0.005888701498582703,3.141592653589793,0.1523021311360282
4,0.22499999999999998,1.0,0.006927884115979652,0.15,0.09873815103424088
4,0.22499999999999998,1.0,0.006927884115979652,0.48239918373219925,0.09824842269855716
4,0.22499999999999998,1.0,0.006927884115979652,0.8147983674643985,0.09729324316198551
4,0.22499999999999998,1.0,0.006927884115979652,1.1471975511965977,0.09597085185246734
4,0.22499999999999998,1.0,0.006927884115979652,1.4795967349287968,0.09441985883188564
4,0.22499999999999998,1.0,0.006927884115979652,1.8119959186609962,0.09280668194962072
4,0.22499999999999998,1.0,0.006927884115979652,2.1443951023931955,0.09130880813025821
4,0.22499999999999998,1.0,0.006927884115979652,2.4767942861253944,0.09009504353532627
4,0.22499999999999998,1.0,0.006927884115979652,2.8091934698575938,0.08930499857675311
4,0.22499999999999998,1.0,0.006927884115979652,3.141592653589793,0.08903090131835034
4,0.2978571428571428,0.15,0.0021894225214498233,0.15,0.44308981386512936
4,0.2978571428571428,0.15,0.0021894225214498233,0.48239918373219925,0.44306761214824997
4,0.2978571428571428,0.15,0.0021894225214498233,0.8147983674643985,0.44302441566471806
4,0.2978571428571428,0.15,0.0021894225214498233,1.1471975511965977,0.44296484271892145
4,0.2978571428571428,0.15,0.0021894225214498233,1.4795967349287968,0.44289530815783573
4,0.2978571428571428,0.15,0.0021894225214498233,1.8119959186609962,0.4428233664983472
4,0.2978571428571428,0.15,0.0021894225214498233,2.1443951023931955,0.4427569098917059
4,0.2978571428571428,0.15,0.0021894225214498233,2.4767942861253944,0.4427032976895129
4,0.2978571428571428,0.15,0.0021894225214498233,2.8091934698575938,0.44266851518820305
4,0.2978571428571428,0.15,0.0021894225214498233,3.141592653589793,0.4426564686430692
4,0.2978571428571428,0.3,0.004378845042899647,0.15,0.38575687786182256
4,0.2978571428571428,0.3,0.004378845042899647,0.48239918373219925,0.3856705820055828
4,0.2978571428571428,0.3,0.004378845042899647,0.8147983674643985,0.3855024439953483
4,0.2978571428571428,0.3,0.004378845042899647,1.1471975511965977,0.3852700468237016
4,0.2978571428571428,0.3,0.004378845042899647,1.4795967349287968,0.384998030980217
4,0.2978571428571428,0.3,0.004378845042899647,1.8119959186609962,0.38471573670505155
4,0.2978571428571428,0.3,0.004378845042899647,2.1443951023931955,0.38445418390762964
4,0.2978571428571428,0.3,0.004378845042899647,2.4767942861253944,0.3842426341146814
4,0.2978571428571428,0.3,0.004378845042899647,2.8091934698575938,0.3841051222505454
4,0.2978571428571428,0.3,0.004378845042899647,3.141592653589793,0.38405744822113963
4,0.2978571428571428,0.5,0.007298075071499412,0.15,0.3086484075150584
4,0.2978571428571428,0.5,0.007298075071499412,0.48239918373219925,0.3084181463447129
4,0.2978571428571428,0.5,0.007298075071499412,0.8147983674643985,0.3079687611264452
4,0.2978571428571428,0.5,0.007298075071499412,1.1471975511965977,0.30734600279297375
4,0.2978571428571428,0.5,0.007298075071499412,1.4795967349287968,0.3066146758283208
4,0.2978571428571428,0.5,0.007298075071499412,1.8119959186609962,0.3058529701049155
4,0.2978571428571428,0.5,0.007298075071499412,2.1443951023931955,0.3051447302521666
4,0.2978571428571428,0.5,0.007298075071499412,2.4767942861253944,0.304570127437197
4,0.2978571428571428,0.5,0.007298075071499412,2.8091934698575938,0.30419577684950894
4,0.2978571428571428,0.5,0.007298075071499412,3.141592653589793,0.3040658372808931
4,0.2978571428571428,0.7,0.010217305100099175,0.15,0.23077158162523204
4,0.2978571428571428,0.7,0.010217305100099175,0.48239918373219925,0.23033912606885387
4,0.2978571428571428,0.7,0.010217305100099175,0.8147983674643985,0.229493940657862
4,0.2978571428571428,0.7,0.010217305100099175,1.1471975511965977,0.2283200821644702
4,0.2978571428571428,0.7,0.010217305100099175,1.4795967349287968,0.22693773070585666
4,0.2978571428571428,0.7,0.010217305100099175,1.8119959186609962,0.22549354916039333
4,0.2978571428571428,0.7,0.010217305100099175,2.1443951023931955,0.22414671356849736
4,0.2978571428571428,0.7,0.010217305100099175,2.4767942861253944,0.2230511690024195
4,0.2978571428571428,0.7,0.010217305100099175,2.8091934698575938,0.22233606111990722
4,0.2978571428571428,0.7,0.010217305100099175,3.141592653589793,0.22208759072927964
4,0.2978571428571428,0.85,0.012406727621548999,0.15,0.17185382370958857
4,0.2978571428571428,0.85,0.012406727621548999,0.48239918373219925,0.17123734865054918
4,0.2978571428571428,0.85,0.012406727621548999,0.8147983674643985,0.17003144237344925
4,0.2978571428571428,0.85,0.012406727621548999,1.1471975511965977,0.16835423917974723
4,0.2978571428571428,0.85,0.012406727621548999,1.4795967349287968,0.16637566887852917
4,0.2978571428571428,0.85,0.012406727621548999,1.8119959186609962,0.1643046254545355
4,0.2978571428571428,0.85,0.012406727621548999,2.1443951023931955,0.1623695576622619
4,0.2978571428571428,0.85,0.012406727621548999,2.4767942861253944,0.1607929772134402
4,0.2978571428571428,0.85,0.012406727621548999,2.8091934698575938,0.1597626502278786
4,0.2978571428571428,0.85,0.012406727621548999,3.141592653589793,0.15940442858684367
4,0.2978571428571428,1.0,0.014596150142998823,0.15,0.11249413246235962
4,0.2978571428571428,1.0,0.014596150142998823,0.48239918373219925,0.11167057244792278
4,0.2978571428571428,1.0,0.014596150142998823,0.8147983674643985,0.1100583697199029
4,0.2978571428571428,1.0,0.014596150142998823,1.1471975511965977,0.10781344039024043
4,0.2978571428571428,1.0,0.014596150142998823,1.4795967349287968,0.1051612377256379
4,0.2978571428571428,1.0,0.014596150142998823,1.8119959186609962,0.10238063583890189
4,0.2978571428571428,1.0,0.014596150142998823,2.1443951023931955,0.09977856209220426
4,0.2978571428571428,1.0,0.014596150142998823,2.4767942861253944,0.09765571167983023
4,0.2978571428571428,1.0,0.014596150142998823,2.8091934698575938,0.09626703156265237
4,0.2978571428571428,1.0,0.014596150142998823,3.141592653589793,0.09578397003546701
4,0.37071428571428566,0.15,0.004138707830534085,0.15,0.44549572372868984
4,0.37071428571428566,0.15,0.004138707830534085,0.48239918373219925,0.44546100642965003
4,0.37071428571428566,0.15,0.004138707830534085,0.8147983674643985,0.4453933825785539
4,0.37071428571428566,0.15,0.004138707830534085,1.1471975511965977,0.44529995537477274
4,0.37071428571428566,0.15,0.004138707830534085,1.4795967349287968,0.4451906613003316
4,0.37071428571428566,0.15,0.004138707830534085,1.8119959186609962,0.4450773059540518
4,0.37071428571428566,0.15,0.004138707830534085,2.1443951023931955,0.44497234128135
4,0.37071428571428566,0.15,0.004138707830534085,2.4767942861253944,0.4448874868222574
4,0.37071428571428566,0.15,0.004138707830534085,2.8091934698575938,0.44483235030851964
4,0.37071428571428566,0.15,0.004138707830534085,3.141592653589793,0.44481323880823864
4,0.37071428571428566,0.3,0.00827741566106817,0.15,0.39022257395619353
4,0.37071428571428566,0.3,0.00827741566106817,0.48239918373219925,0.39008764885670577
4,0.37071428571428566,0.3,0.00827741566106817,0.8147983674643985,0.3898241977547121
4,0.37071428571428566,0.3,0.00827741566106817,1.1471975511965977,0.38945882832915335
4,0.37071428571428566,0.3,0.00827741566106817,1.4795967349287968,0.38902934603649086
4,0.37071428571428566,0.3,0.00827741566106817,1.8119959186609962,0.38858154171941894
4,0.37071428571428566,0.3,0.00827741566106817,2.1443951023931955,0.38816472533193047
4,0.37071428571428566,0.3,0.00827741566106817,2.4767942861253944,0.3878262405479669
4,0.37071428571428566,0.3,0.00827741566106817,2.8091934698575938,0.38760556586200856
4,0.37071428571428566,0.3,0.00827741566106817,3.141592653589793,0.38752893975592206
4,0.37071428571428566,0.5,0.01379569276844695,0.15,0.3153034913749868
4,0.37071428571428566,0.5,0.01379569276844695,0.48239918373219925,0.31494376073011443
4,0.37071428571428566,0.5,0.01379569276844695,0.8147983674643985,0.3142393746613823
4,0.37071428571428566,0.5,0.01379569276844695,1.1471975511965977,0.313258131547123
4,0.37071428571428566,0.5,0.01379569276844695,1.4795967349287968,0.3120982035575861
4,0.37071428571428566,0.5,0.01379569276844695,1.8119959186609962,0.3108812762025195
4,0.37071428571428566,0.5,0.01379569276844695,2.1443951023931955,0.3097416335267016
4,0.37071428571428566,0.5,0.01379569276844695,2.4767942861253944,0.3088112280108264
4,0.37071428571428566,0.5,0.01379569276844695,2.8091934698575938,0.30820226215593727
4,0.37071428571428566,0.5,0.01379569276844695,3.141592653589793,0.30799036548056424
4,0.37071428571428566,0.7,0.019313969875825728,0.15,0.23895529881355193
4,0.37071428571428566,0.7,0.019313969875825728,0.48239918373219925,0.23828077591086538
4,0.37071428571428566,0.7,0.019313969875825728,0.8147983674643985,0.236956892200213
4,0.37071428571428566,0.7,0.019313969875825728,1.1471975511965977,0.23510581884208026
4,0.37071428571428566,0.7,0.019313969875825728,1.4795967349287968,0.232907417501117
4,0.37071428571428566,0.7,0.019313969875825728,1.8119959186609962,0.2305890900352412
4,0.37071428571428566,0.7,0.019313969875825728,2.1443951023931955,0.22840698973349416
4,0.37071428571428566,0.7,0.019313969875825728,2.4767942861253944,0.22661765729315686
4,0.37071428571428566,0.7,0.019313969875825728,2.8091934698575938,0.2254426944504042
4,0.37071428571428566,0.7,0.019313969875825728,3.141592653589793,0.22503314628740112
4,0.37071428571428566,0.85,0.023452677706359816,0.15,0.18073395287302696
4,0.37071428571428566,0.85,0.023452677706359816,0.48239918373219925,0.17977416730601137
4,0.37071428571428566,0.85,0.023452677706359816,0.8147983674643985,0.17788767128174143
4,0.37071428571428566,0.85,0.023452677706359816,1.1471975511965977,0.17524393595419596
4,0.37071428571428566,0.85,0.023452677706359816,1.4795967349287968,0.17209514904224266
4,0.37071428571428566,0.85,0.023452677706359816,1.8119959186609962,0.16876417359390872
4,0.37071428571428566,0.85,0.023452677706359816,2.1443951023931955,0.16561932088604192
4,0.37071428571428566,0.85,0.023452677706359816,2.4767942861253944,0.16303368665324736
4,0.37071428571428566,0.85,0.023452677706359816,2.8091934698575938,0.16133252687446364
4,0.37071428571428566,0.85,0.023452677706359816,3.141592653589793,0.160738955814276
4,0.37071428571428566,1.0,0.0275913855368939,0.15,0.12167163247656854
4,0.37071428571428566,1.0,0.0275913855368939,0.48239918373219925,0.1203925734258049
4,0.37071428571428566,1.0,0.0275913855368939,0.8147983674643985,0.11787557050754316
4,0.37071428571428566,1.0,0.0275913855368939,1.1471975511965977,0.11434173936312919
4,0.37071428571428566,1.0,0.0275913855368939,1.4795967349287968,0.11012313661131756
4,0.37071428571428566,1.0,0.0275913855368939,1.8119959186609962,0.10564931602165606
4,0.37071428571428566,1.0,0.0275913855368939,2.1443951023931955,0.10141530360603834
4,0.37071428571428566,1.0,0.0275913855368939,2.4767942861253944,0.09792701312919139
4,0.37071428571428566,1.0,0.0275913855368939,2.8091934698575938,0.0956285358800848
4,0.37071428571428566,1.0,0.0275913855368939,3.141592653589793,0.0948259180674027
4,0.44357142857142856,0.15,0.007364938853600213,0.15,0.4486041667245222
4,0.44357142857142856,0.15,0.007364938853600213,0.48239918373219925,0.4485517523905007
4,0.44357142857142856,0.15,0.007364938853600213,0.8147983674643985,0.44844948080105107
4,0.44357142857142856,0.15,0.007364938853600213,1.1471975511965977,0.44830779992705616
4,0.44357142857142856,0.15,0.007364938853600213,1.4795967349287968,0.4481414873182026
4,0.44357142857142856,0.15,0.007364938853600213,1.8119959186609962,0.44796834222054405
4,0.44357142857142856,0.15,0.007364938853600213,2.1443951023931955,0.447807417947933
4,0.44357142857142856,0.15,0.007364938853600213,2.4767942861253944,0.4476769045662643
4,0.44357142857142856,0.15,0.007364938853600213,2.8091934698575938,0.4475918975436681
4,0.44357142857142856,0.15,0.007364938853600213,3.141592653589793,0.447562394984121
4,0.44357142857142856,0.3,0.014729877707200426,0.15,0.39590614416099523
4,0.44357142857142856,0.3,0.014729877707200426,0.48239918373219925,0.3957019727428259
4,0.44357142857142856,0.3,0.014729877707200426,0.8147983674643985,0.39530201090916317
4,0.44357142857142856,0.3,0.014729877707200426,1.1471975511965977,0.3947444541682845
4,0.44357142857142856,0.3,0.014729877707200426,1.4795967349287968,0.39408476978944473
4,0.44357142857142856,0.3,0.014729877707200426,1.8119959186609962,0.3933919612070538
4,0.44357142857142856,0.3,0.014729877707200426,2.1443951023931955,0.39274248283581925
4,0.44357142857142856,0.3,0.014729877707200426,2.4767942861253944,0.3922117602400448
4,0.44357142857142856,0.3,0.014729877707200426,2.8091934698575938,0.39186415284492226
4,0.44357142857142856,0.3,0.014729877707200426,3.141592653589793,0.3917431538074816
4,0.44357142857142856,0.5,0.024549796178667378,0.15,0.32353627318799183
4,0.44357142857142856,0.5,0.024549796178667378,0.48239918373219925,0.32299063917860593
4,0.44357142857142856,0.5,0.024549796178667378,0.8147983674643985,0.3219169008116447
4,0.44357142857142856,0.5,0.024549796178667378,1.1471975511965977,0.3204092745769136
4,0.44357142857142856,0.5,0.024549796178667378,1.4795967349287968,0.3186091309771035
4,0.44357142857142856,0.5,0.024549796178667378,1.8119959186609962,0.31669935342666733
4,0.44357142857142856,0.5,0.024549796178667378,2.1443951023931955,0.31489097235047847
4,0.44357142857142856,0.5,0.024549796178667378,2.4767942861253944,0.3134001909041604
4,0.44357142857142856,0.5,0.024549796178667378,2.8091934698575938,0.3124173718447365
4,0.44357142857142856,0.5,0.024549796178667378,3.141592653589793,0.3120740680228329
4,0.44357142857142856,0.7,0.034369714650134324,0.15,0.24865328244300766
4,0.44357142857142856,0.7,0.034369714650134324,0.48239918373219925,0.2476287659580989
4,0.44357142857142856,0.7,0.034369714650134324,0.8147983674643985,0.24560520885566062
4,0.44357142857142856,0.7,0.034369714650134324,1.1471975511965977,0.2427473470496171
4,0.44357142857142856,0.7,0.034369714650134324,1.4795967349287968,0.23930969374046618
4,0.44357142857142856,0.7,0.034369714650134324,1.8119959186609962,0.23563275581813992
4,0.44357142857142856,0.7,0.034369714650134324,2.1443951023931955,0.23212284302532482
4,0.44357142857142856,0.7,0.034369714650134324,2.4767942861253944,0.22920889391839738
4,0.44357142857142856,0.7,0.034369714650134324,2.8091934698575938,0.22727778172356228
4,0.44357142857142856,0.7,0.034369714650134324,3.141592653589793,0.22660136127216024
4,0.44357142857142856,0.85,0.041734653503734544,0.15,0.1907680256947064
4,0.44357142857142856,0.85,0.041734653503734544,0.48239918373219925,0.1893098508312503
4,0.44357142857142856,0.85,0.041734653503734544,0.8147983674643985,0.18642346278122202
4,0.44357142857142856,0.85,0.041734653503734544,1.1471975511965977,0.18233299712894557
4,0.44357142857142856,0.85,0.041734653503734544,1.4795967349287968,0.17739138761453122
4,0.44357142857142856,0.85,0.041734653503734544,1.8119959186609962,0.1720808011824777
4,0.44357142857142856,0.85,0.041734653503734544,2.1443951023931955,0.1669881111700331
4,0.44357142857142856,0.85,0.041734653503734544,2.4767942861253944,0.16274338283899858
4,0.44357142857142856,0.85,0.041734653503734544,2.8091934698575938,0.15992221719424538
4,0.44357142857142856,0.85,0.041734653503734544,3.141592653589793,0.15893253183818667
4,0.44357142857142856,1.0,0.049099592357334756,0.15,0.13134514500476846
4,0.44357142857142856,1.0,0.049099592357334756,0.48239918373219925,0.12940293985915252
4,0.44357142857142856,1.0,0.049099592357334756,0.8147983674643985,0.12555196772753163
4,0.44357142857142856,1.0,0.049099592357334756,1.1471975511965977,0.12008024658638616
4,0.44357142857142856,1.0,0.049099592357334756,1.4795967349287968,0.11344860554026415
4,0.44357142857142856,1.0,0.049099592357334756,1.8119959186609962,0.10629721704322859
4,0.44357142857142856,1.0,0.049099592357334756,2.1443951023931955,0.09941692011362635
4,0.44357142857142856,1.0,0.049099592357334756,2.4767942861253944,0.09366668371463183
4,0.44357142857142856,1.0,0.049099592357334756,2.8091934698575938,0.08983758927703822
4,0.44357142857142856,1.0,0.049099592357334756,3.141592653589793,0.08849299184034187
4,0.5164285714285713,0.15,0.012709963957811482,0.15,0.45389945056760106
4,0.5164285714285713,0.15,0.012709963957811482,0.48239918373219925,0.45382279199696574
4,0.5164285714285713,0.15,0.012709963957811482,0.8147983674643985,0.4536727883636862
4,0.5164285714285713,0.15,0.012709963957811482,1.1471975511965977,0.4534640460645847
4,0.5164285714285713,0.15,0.012709963957811482,1.4795967349287968,0.4532176156074461
4,0.5164285714285713,0.15,0.012709963957811482,1.8119959186609962,0.4529594442096141
4,0.5164285714285713,0.15,0.012709963957811482,2.1443951023931955,0.4527180029673725
4,0.5164285714285713,0.15,0.012709963957811482,2.4767942861253944,0.4525211242783771
4,0.5164285714285713,0.15,0.012709963957811482,2.8091934698575938,0.45239237574612856
4,0.5164285714285713,0.15,0.012709963957811482,3.141592653589793,0.45234759670410507
4,0.5164285714285713,0.3,0.025419927915622965,0.15,0.4057492847373787
4,0.5164285714285713,0.3,0.025419927915622965,0.48239918373219925,0.40544865224095306
4,0.5164285714285713,0.3,0.025419927915622965,0.8147983674643985,0.4048565576318175
4,0.5164285714285713,0.3,0.025419927915622965,1.1471975511965977,0.404024095873075
4,0.5164285714285713,0.3,0.025419927915622965,1.4795967349287968,0.4030283901153986
4,0.5164285714285713,0.3,0.025419927915622965,1.8119959186609962,0.40196994505733596
4,0.5164285714285713,0.3,0.025419927915622965,2.1443951023931955,0.4009656604059846
4,0.5164285714285713,0.3,0.025419927915622965,2.4767942861253944,0.40013623435785317
4,0.5164285714285713,0.3,0.025419927915622965,2.8091934698575938,0.399588659155653
4,0.5164285714285713,0.3,0.025419927915622965,3.141592653589793,0.3993972436169304
4,0.5164285714285713,0.5,0.04236654652603827,0.15,0.3381337685416659
4,0.5164285714285713,0.5,0.04236654652603827,0.48239918373219925,0.33732355628420074
4,0.5164285714285713,0.5,0.04236654652603827,0.8147983674643985,0.33571606188193837
4,0.5164285714285713,0.5,0.04236654652603827,1.1471975511965977,0.3334293352121547
4,0.5164285714285713,0.5,0.04236654652603827,1.4795967349287968,0.33065282183704325
4,0.5164285714285713,0.5,0.04236654652603827,1.8119959186609962,0.32765132555270227
4,0.5164285714285713,0.5,0.04236654652603827,2.1443951023931955,0.3247551277952765
4,0.5164285714285713,0.5,0.04236654652603827,2.4767942861253944,0.3223273320057245
4,0.5164285714285713,0.5,0.04236654652603827,2.8091934698575938,0.32070659580728966
4,0.5164285714285713,0.5,0.04236654652603827,3.141592653589793,0.320136651142775
4,0.5164285714285713,0.7,0.05931316513645358,0.15,0.2663010102331005
4,0.5164285714285713,0.7,0.05931316513645358,0.48239918373219925,0.2647681840718843
4,0.5164285714285713,0.7,0.05931316513645358,0.8147983674643985,0.26170925833844905
4,0.5164285714285713,0.7,0.05931316513645358,1.1471975511965977,0.25731738384620995
4,0.5164285714285713,0.7,0.05931316513645358,1.4795967349287968,0.2519215553009446
4,0.5164285714285713,0.7,0.05931316513645358,1.8119959186609962,0.24601141692197492
4,0.5164285714285713,0.7,0.05931316513645358,2.1443951023931955,0.24023392070748928
4,0.5164285714285713,0.7,0.05931316513645358,2.4767942861253944,0.23533532260803325
4,0.5164285714285713,0.7,0.05931316513645358,2.8091934698575938,0.2320374585272309
4,0.5164285714285713,0.7,0.05931316513645358,3.141592653589793,0.23087253864774326
4,0.5164285714285713,0.85,0.07202312909426506,0.15,0.20943167338663704
4,0.5164285714285713,0.85,0.07202312909426506,0.48239918373219925,0.2072393163641335
4,0.5164285714285713,0.85,0.07202312909426506,0.8147983674643985,0.20284975341766343
4,0.5164285714285713,0.85,0.07202312909426506,1.1471975511965977,0.1965146150414787
4,0.5164285714285713,0.85,0.07202312909426506,1.4795967349287968,0.18868060714924217
4,0.5164285714285713,0.85,0.07202312909426506,1.8119959186609962,0.18003939491409837
4,0.5164285714285713,0.85,0.07202312909426506,2.1443951023931955,0.1715352392948215
4,0.5164285714285713,0.85,0.07202312909426506,2.4767942861253944,0.16428409441559788
4,0.5164285714285713,0.85,0.07202312909426506,2.8091934698575938,0.1593829407964582
4,0.5164285714285713,0.85,0.07202312909426506,3.141592653589793,0.15764813724620486
4,0.5164285714285713,1.0,0.08473309305207655,0.15,0.1497998591022831
4,0.5164285714285713,1.0,0.08473309305207655,0.48239918373219925,0.14686789638925402
4,0.5164285714285713,1.0,0.08473309305207655,0.8147983674643985,0.1409836040079775
4,0.5164285714285713,1.0,0.08473309305207655,1.1471975511965977,0.13246046214467166
4,0.5164285714285713,1.0,0.08473309305207655,1.4795967349287968,0.12187505831039758
4,0.5164285714285713,1.0,0.08473309305207655,1.8119959186609962,0.11014774468967525
4,0.5164285714285713,1.0,0.08473309305207655,2.1443951023931955,0.09856260417854545
4,0.5164285714285713,1.0,0.08473309305207655,2.4767942861253944,0.08865684023849796
4,0.5164285714285713,1.0,0.08473309305207655,2.8091934698575938,0.08195003262326006
4,0.5164285714285713,1.0,0.08473309305207655,3.141592653589793,0.07957430314006153
4,0.5892857142857142,0.15,0.021809278930813993,0.15,0.4634615258847534
4,0.5892857142857142,0.15,0.021809278930813993,0.48239918373219925,0.4633588429701565
4,0.5892857142857142,0.15,0.021809278930813993,0.8147983674643985,0.46315689613596955
4,0.5892857142857142,0.15,0.021809278930813993,1.1471975511965977,0.4628736044641968
4,0.5892857142857142,0.15,0.021809278930813993,1.4795967349287968,0.46253572622492656
4,0.5892857142857142,0.15,0.021809278930813993,1.8119959186609962,0.462177694934925
4,0.5892857142857142,0.15,0.021809278930813993,2.1443951023931955,0.46183904939147746
4,0.5892857142857142,0.15,0.021809278930813993,2.4767942861253944,0.4615601363667139
4,0.5892857142857142,0.15,0.021809278930813993,2.8091934698575938,0.46137637883893534
4,0.5892857142857142,0.15,0.021809278930813993,3.141592653589793,0.4613122129252527
4,0.5892857142857142,0.3,0.043618557861627986,0.15,0.4240513689999845
4,0.5892857142857142,0.3,0.043618557861627986,0.48239918373219925,0.4236428079997585
4,0.5892857142857142,0.3,0.043618557861627986,0.8147983674643985,0.4228303971391838
4,0.5892857142857142,0.3,0.043618557861627986,1.1471975511965977,0.42167049601945594
4,0.5892857142857142,0.3,0.043618557861627986,1.4795967349287968,0.42025535403738856
4,0.5892857142857142,0.3,0.043618557861627986,1.8119959186609962,0.418716915689479
4,0.5892857142857142,0.3,0.043618557861627986,2.1443951023931955,0.4172237058921895
4,0.5892857142857142,0.3,0.043618557861627986,2.4767942861253944,0.4159651961041477
4,0.5892857142857142,0.3,0.043618557861627986,2.8091934698575938,0.41512151878770465
4,0.5892857142857142,0.3,0.043618557861627986,3.141592653589793,0.4148241519882734
4,0.5892857142857142,0.5,0.07269759643604665,0.15,0.3664595337540173
4,0.5892857142857142,0.5,0.07269759643604665,0.48239918373219925,0.3653366454349911
4,0.5892857142857142,0.5,0.07269759643604665,0.8147983674643985,0.36307585993172586
4,0.5892857142857142,0.5,0.07269759643604665,1.1471975511965977,0.3597826019678845
4,0.5892857142857142,0.5,0.07269759643604665,1.4795967349287968,0.3556581344703891
4,0.5892857142857142,0.5,0.07269759643604665,1.8119959186609962,0.3510382182443643
4,0.5892857142857142,0.5,0.07269759643604665,2.1443951023931955,0.3464151373450026
4,0.5892857142857142,0.5,0.07269759643604665,2.4767942861253944,0.3424100030697892
4,0.5892857142857142,0.5,0.07269759643604665,2.8091934698575938,0.3396684202948548
4,0.5892857142857142,0.5,0.07269759643604665,3.141592653589793,0.3386911586415784
4,0.5892857142857142,0.7,0.1017766350104653,0.15,0.3022405442335767
4,0.5892857142857142,0.7,0.1017766350104653,0.48239918373219925,0.3000736013218901
4,0.5892857142857142,0.7,0.1017766350104653,0.8147983674643985,0.2956684053185379
4,0.5892857142857142,0.7,0.1017766350104653,1.1471975511965977,0.28915077209832285
4,0.5892857142857142,0.7,0.1017766350104653,1.4795967349287968,0.28082179473777
4,0.5892857142857142,0.7,0.1017766350104653,1.8119959186609962,0.27127724541112297
4,0.5892857142857142,0.7,0.1017766350104653,2.1443951023931955,0.2615057700282768
4,0.5892857142857142,0.7,0.1017766350104653,2.4767942861253944,0.2528693628292247
4,0.5892857142857142,0.7,0.1017766350104653,2.8091934698575938,0.2468699917378343
4,0.5892857142857142,0.7,0.1017766350104653,3.141592653589793,0.244714842828202
4,0.5892857142857142,0.85,0.1235859139412793,0.15,0.2490530230970982
4,0.5892857142857142,0.85,0.1235859139412793,0.48239918373219925,0.24590722507565044
4,0.5892857142857142,0.85,0.1235859139412793,0.8147983674643985,0.23947833659477946
4,0.5892857142857142,0.85,0.1235859139412793,1.1471975511965977,0.22988716524330943
4,0.5892857142857142,0.85,0.1235859139412793,1.4795967349287968,0.2175025228637204
4,0.5892857142857142,0.85,0.1235859139412793,1.8119959186609962,0.2031530119447793
4,0.5892857142857142,0.85,0.1235859139412793,2.1443951023931955,0.18831431679078525
4,0.5892857142857142,0.85,0.1235859139412793,2.4767942861253944,0.17509846328784406
4,0.5892857142857142,0.85,0.1235859139412793,2.8091934698575938,0.1658742612805324
4,0.5892857142857142,0.85,0.1235859139412793,3.141592653589793,0.16255361347511443
4,0.5892857142857142,1.0,0.1453951928720933,0.15,0.19092951525444435
4,0.5892857142857142,1.0,0.1453951928720933,0.48239918373219925,0.18666012513221153
4,0.5892857142857142,1.0,0.1453951928720933,0.8147983674643985,0.17790479436654283
4,0.5892857142857142,1.0,0.1453951928720933,1.1471975511965977,0.16477511071222684
4,0.5892857142857142,1.0,0.1453951928720933,1.4795967349287968,0.14772255429627612
4,0.5892857142857142,1.0,0.1453951928720933,1.8119959186609962,0.12786513928444787
4,0.5892857142857142,1.0,0.1453951928720933,2.1443951023931955,0.10727147020647432
4,0.5892857142857142,1.0,0.1453951928720933,2.4767942861253944,0.08892557786332245
4,0.5892857142857142,1.0,0.1453951928720933,2.8091934698575938,0.07614049153542157
4,0.5892857142857142,1.0,0.1453951928720933,3.141592653589793,0.07154489322082447
4,0.6621428571428571,0.15,0.03850656536805467,0.15,0.47942035764391866
4,0.6621428571428571,0.15,0.03850656536805467,0.48239918373219925,0.47931756149706106
4,0.6621428571428571,0.15,0.03850656536805467,0.8147983674643985,0.4791134242100741
4,0.6621428571428571,0.15,0.03850656536805467,1.1471975511965977,0.47882258086795493
4,0.6621428571428571,0.15,0.03850656536805467,1.4795967349287968,0.47846867737675036
4,0.6621428571428571,0.15,0.03850656536805467,1.8119959186609962,0.47808506939785445
4,0.6621428571428571,0.15,0.03850656536805467,2.1443951023931955,0.4777138182443459
4,0.6621428571428571,0.15,0.03850656536805467,2.4767942861253944,0.47740171118844255
4,0.6621428571428571,0.15,0.03850656536805467,2.8091934698575938,0.47719287235268015
4,0.6621428571428571,0.15,0.03850656536805467,3.141592653589793,0.4771193368960971
4,0.6621428571428571,0.3,0.07701313073610934,0.15,0.4558169569990438
4,0.6621428571428571,0.3,0.07701313073610934,0.48239918373219925,0.4553959952544391
4,0.6621428571428571,0.3,0.07701313073610934,0.8147983674643985,0.4545433740452023
4,0.6621428571428571,0.3,0.07701313073610934,1.1471975511965977,0.4532889282143513
4,0.6621428571428571,0.3,0.07701313073610934,1.4795967349287968,0.45169626148847897
4,0.6621428571428571,0.3,0.07701313073610934,1.8119959186609962,0.4498824167297535
4,0.6621428571428571,0.3,0.07701313073610934,2.1443951023931955,0.44803412084430305
4,0.6621428571428571,0.3,0.07701313073610934,2.4767942861253944,0.44640467220478564
4,0.6621428571428571,0.3,0.07701313073610934,2.8091934698575938,0.4452735482949428
4,0.6621428571428571,0.3,0.07701313073610934,3.141592653589793,0.44486716893297773
4,0.6621428571428571,0.5,0.12835521789351556,0.15,0.41845107649210944
4,0.6621428571428571,0.5,0.12835521789351556,0.48239918373219925,0.4172433148339292
4,0.6621428571428571,0.5,0.12835521789351556,0.8147983674643985,0.41474201356269336
4,0.6621428571428571,0.5,0.12835521789351556,1.1471975511965977,0.41092308830295265
4,0.6621428571428571,0.5,0.12835521789351556,1.4795967349287968,0.4058242513357313
4,0.6621428571428571,0.5,0.12835521789351556,1.8119959186609962,0.39965497052930443
4,0.6621428571428571,0.5,0.12835521789351556,2.1443951023931955,0.39294480673931753
4,0.6621428571428571,0.5,0.12835521789351556,2.4767942861253944,0.3866519361527181
4,0.6621428571428571,0.5,0.12835521789351556,2.8091934698575938,0.38206520013690026
4,0.6621428571428571,0.5,0.12835521789351556,3.141592653589793,0.3803722361909587
4,0.6621428571428571,0.7,0.17969730505092177,0.15,0.37228212102765545
4,0.6621428571428571,0.7,0.17969730505092177,0.48239918373219925,0.36983272571340087
4,0.6621428571428571,0.7,0.17969730505092177,0.8147983674643985,0.3646730499362689
4,0.6621428571428571,0.7,0.17969730505092177,1.1471975511965977,0.356568186644467
4,0.6621428571428571,0.7,0.17969730505092177,1.4795967349287968,0.3453187331048915
4,0.6621428571428571,0.7,0.17969730505092177,1.8119959186609962,0.33106124163085315
4,0.6621428571428571,0.7,0.17969730505092177,2.1443951023931955,0.3147809653049032
4,0.6621428571428571,0.7,0.17969730505092177,2.4767942861253944,0.2988349749957546
4,0.6621428571428571,0.7,0.17969730505092177,2.8091934698575938,0.286841244268111
4,0.6621428571428571,0.7,0.17969730505092177,3.141592653589793,0.2823432764653062
4,0.6621428571428571,0.85,0.21820387041897646,0.15,0.3299676634798554
4,0.6621428571428571,0.85,0.21820387041897646,0.48239918373219925,0.3262557250596392
4,0.6621428571428571,0.85,0.21820387041897646,0.8147983674643985,0.31836738584767454
4,0.6621428571428571,0.85,0.21820387041897646,1.1471975511965977,0.30579709206599226
4,0.6621428571428571,0.85,0.21820387041897646,1.4795967349287968,0.2880230443158778
4,0.6621428571428571,0.85,0.21820387041897646,1.8119959186609962,0.26504788299567106
4,0.6621428571428571,0.85,0.21820387041897646,2.1443951023931955,0.23838856592621505
4,0.6621428571428571,0.85,0.21820387041897646,2.4767942861253944,0.21207127967513006
4,0.6621428571428571,0.85,0.21820387041897646,2.8091934698575938,0.1922875257950465
4,0.6621428571428571,0.85,0.21820387041897646,3.141592653589793,0.18489266994348985
4,0.6621428571428571,1.0,0.2567104357870311,0.15,0.27891545417434194
4,0.6621428571428571,1.0,0.2567104357870311,0.48239918373219925,0.2736230698351547
4,0.6621428571428571,1.0,0.2567104357870311,0.8147983674643985,0.2623197364210117
4,0.6621428571428571,1.0,0.2567104357870311,1.1471975511965977,0.2441746554848505
4,0.6621428571428571,1.0,0.2567104357870311,1.4795967349287968,0.218328694423499
4,0.6621428571428571,1.0,0.2567104357870311,1.8119959186609962,0.1848153749787742
4,0.6621428571428571,1.0,0.2567104357870311,2.1443951023931955,0.14617008979678126
4,0.6621428571428571,1.0,0.2567104357870311,2.4767942861253944,0.10867733688466652
4,0.6621428571428571,1.0,0.2567104357870311,2.8091934698575938,0.0811152169057745
4,0.6621428571428571,1.0,0.2567104357870311,3.141592653589793,0.07097243039109657
4,0.735,0.15,1.50497389319465e-07,0.15,0.4999998688520342
4,0.735,0.15,1.50497389319465e-07,0.48239918373219925,0.4999999909516366
4,0.735,0.15,1.50497389319465e-07,0.8147983674643985,0.5000000032477501
4,0.735,0.15,1.50497389319465e-07,1.1471975511965977,0.5000000076035866
4,0.735,0.15,1.50497389319465e-07,1.4795967349287968,0.4999999976577445
4,0.735,0.15,1.50497389319465e-07,1.8119959186609962,0.4999999956361447
4,0.735,0.15,1.50497389319465e-07,2.1443951023931955,0.49999999656272065
4,0.735,0.15,1.50497389319465e-07,2.4767942861253944,0.49999999976504905
4,0.735,0.15,1.50497389319465e-07,2.8091934698575938,0.4999999992882669
4,0.735,0.15,1.50497389319465e-07,3.141592653589793,0.4999999993943267
4,0.735,0.3,3.0099477863893e-07,0.15,0.4999999070602221
4,0.735,0.3,3.0099477863893e-07,0.48239918373219925,0.5000000139718956
4,0.735,0.3,3.0099477863893e-07,0.8147983674643985,0.4999999917611344
4,0.735,0.3,3.0099477863893e-07,1.1471975511965977,0.4999999979636751
4,0.735,0.3,3.0099477863893e-07,1.4795967349287968,0.4999999942952851
4,0.735,0.3,3.0099477863893e-07,1.8119959186609962,0.4999999959210246
4,0.735,0.3,3.0099477863893e-07,2.1443951023931955,0.49999999485555
4,0.735,0.3,3.0099477863893e-07,2.4767942861253944,0.4999999952828942
4,0.735,0.3,3.0099477863893e-07,2.8091934698575938,0.49999999538182016
4,0.735,0.3,3.0099477863893e-07,3.141592653589793,0.49999999534911477
4,0.735,0.5,5.016579643982166e-07,0.15,0.499999993042719
4,0.735,0.5,5.016579643982166e-07,0.48239918373219925,0.4999999834680613
4,0.735,0.5,5.016579643982166e-07,0.8147983674643985,0.49999999226551006
4,0.735,0.5,5.016579643982166e-07,1.1471975511965977,0.49999999270931794
4,0.735,0.5,5.016579643982166e-07,1.4795967349287968,0.49999999078594803
4,0.735,0.5,5.016579643982166e-07,1.8119959186609962,0.49999999125925676
4,0.735,0.5,5.016579643982166e-07,2.1443951023931955,0.4999999909534336
4,0.735,0.5,5.016579643982166e-07,2.4767942861253944,0.49999999148080154
4,0.735,0.5,5.016579643982166e-07,2.8091934698575938,0.4999999913867601
4,0.735,0.5,5.016579643982166e-07,3.141592653589793,0.49999999101287074
4,0.735,0.7,7.023211501575032e-07,0.15,0.4999999776646402
4,0.735,0.7,7.023211501575032e-07,0.48239918373219925,0.49999999193608624
4,0.735,0.7,7.023211501575032e-07,0.8147983674643985,0.4999999871982479
4,0.735,0.7,7.023211501575032e-07,1.1471975511965977,0.4999999889580311
4,0.735,0.7,7.023211501575032e-07,1.4795967349287968,0.4999999869519618
4,0.735,0.7,7.023211501575032e-07,1.8119959186609962,0.49999998814569757
4,0.735,0.7,7.023211501575032e-07,2.1443951023931955,0.4999999882536532
4,0.735,0.7,7.023211501575032e-07,2.4767942861253944,0.4999999881268975
4,0.735,0.7,7.023211501575032e-07,2.8091934698575938,0.4999999882151709
4,0.735,0.7,7.023211501575032e-07,3.141592653589793,0.4999999886368074
4,0.735,0.85,8.528185394769683e-07,0.15,0.49999999047750165
4,0.735,0.85,8.528185394769683e-07,0.48239918373219925,0.4999999832855959
4,0.735,0.85,8.528185394769683e-07,0.8147983674643985,0.49999998576110594
4,0.735,0.85,8.528185394769683e-07,1.1471975511965977,0.49999998491779185
4,0.735,0.85,8.528185394769683e-07,1.4795967349287968,0.4999999855946775
4,0.735,0.85,8.528185394769683e-07,1.8119959186609962,0.4999999858735764
4,0.735,0.85,8.528185394769683e-07,2.1443951023931955,0.499999986064259
4,0.735,0.85,8.528185394769683e-07,2.4767942861253944,0.4999999860522004
4,0.735,0.85,8.528185394769683e-07,2.8091934698575938,0.4999999860104778
4,0.735,0.85,8.528185394769683e-07,3.141592653589793,0.4999999861289892
4,0.735,1.0,1.0033159287964333e-06,0.15,0.500000129163058
4,0.735,1.0,1.0033159287964333e-06,0.48239918373219925,0.49999998607569207
4,0.735,1.0,1.0033159287964333e-06,0.8147983674643985,0.49999998271881085
4,0.735,1.0,1.0033159287964333e-06,1.1471975511965977,0.4999999837068654
4,0.735,1.0,1.0033159287964333e-06,1.4795967349287968,0.4999999836358391
4,0.735,1.0,1.0033159287964333e-06,1.8119959186609962,0.4999999829394366
4,0.735,1.0,1.0033159287964333e-06,2.1443951023931955,0.4999999835891482
4,0.735,1.0,1.0033159287964333e-06,2.4767942861253944,0.49999998362679055
4,0.735,1.0,1.0033159287964333e-06,2.8091934698575938,0.4999999836365643
4,0.735,1.0,1.0033159287964333e-06,3.141592653589793,0.4999999836025728
5,0.016,0.15,2.4785714390707087e-06,0.15,0.42676224096820325
5,0.016,0.15,2.4785714390707087e-06,0.48239918373219925,0.426762186061618
5,0.016,0.15,2.4785714390707087e-06,0.8147983674643985,0.42676206345921996
5,0.016,0.15,2.4785714390707087e-06,1.1471975511965977,0.4267618963597861
5,0.016,0.15,2.4785714390707087e-06,1.4795967349287968,0.426761701364786
5,0.016,0.15,2.4785714390707087e-06,1.8119959186609962,0.4267615004959977
5,0.016,0.15,2.4785714390707087e-06,2.1443951023931955,0.4267613156363035
5,0.016,0.15,2.4785714390707087e-06,2.4767942861253944,0.4267611669501554
5,0.016,0.15,2.4785714390707087e-06,2.8091934698575938,0.426761070603064
5,0.016,0.15,2.4785714390707087e-06,3.141592653589793,0.4267610374030568
5,0.016,0.3,4.9571428781414175e-06,0.15,0.35352393193559584
5,0.016,0.3,4.9571428781414175e-06,0.48239918373219925,0.35352369316754917
5,0.016,0.3,4.9571428781414175e-06,0.8147983674643985,0.35352321702840594
5,0.016,0.3,4.9571428781414175e-06,1.1471975511965977,0.35352256240895996
5,0.016,0.3,4.9571428781414175e-06,1.4795967349287968,0.35352180032894087
5,0.016,0.3,4.9571428781414175e-06,1.8119959186609962,0.35352101430776384
5,0.016,0.3,4.9571428781414175e-06,2.1443951023931955,0.3535202908386377
5,0.016,0.3,4.9571428781414175e-06,2.4767942861253944,0.35351970875088057
5,0.016,0.3,4.9571428781414175e-06,2.8091934698575938,0.3535193319866443
5,0.016,0.3,4.9571428781414175e-06,3.141592653589793,0.35351920170706363
5,0.016,0.5,8.261904796902363e-06,0.15,0.2558719940768812
5,0.016,0.5,8.261904796902363e-06,0.48239918373219925,0.2558713323983648
5,0.016,0.5,8.261904796902363e-06,0.8147983674643985,0.25587004941937286
5,0.016,0.5,8.261904796902363e-06,1.1471975511965977,0.25586828467521916
5,0.016,0.5,8.261904796902363e-06,1.4795967349287968,0.2558662311627844
5,0.016,0.5,8.261904796902363e-06,1.8119959186609962,0.25586411350243043
5,0.016,0.5,8.261904796902363e-06,2.1443951023931955,0.25586216365864667
5,0.016,0.5,8.261904796902363e-06,2.4767942861253944,0.25586059499721037
5,0.016,0.5,8.261904796902363e-06,2.8091934698575938,0.25585957954641136
5,0.016,0.5,8.261904796902363e-06,3.141592653589793,0.2558592281709098
5,0.016,0.7,1.1566666715663308e-05,0.15,0.15821906099014638
5,0.016,0.7,1.1566666715663308e-05,0.48239918373219925,0.1582178046191951
5,0.016,0.7,1.1566666715663308e-05,0.8147983674643985,0.15821536812952064
5,0.016,0.7,1.1566666715663308e-05,1.1471975511965977,0.1582120156048339
5,0.016,0.7,1.1566666715663308e-05,1.4795967349287968,0.158208114314893
5,0.016,0.7,1.1566666715663308e-05,1.8119959186609962,0.1582040913520424
5,0.016,0.7,1.1566666715663308e-05,2.1443951023931955,0.15820038726260455
5,0.016,0.7,1.1566666715663308e-05,2.4767942861253944,0.15819740743086697
5,0.016,0.7,1.1566666715663308e-05,2.8091934698575938,0.1581954781350896
5,0.016,0.7,1.1566666715663308e-05,3.141592653589793,0.15819481067445618
5,0.016,0.85,1.4045238154734017e-05,0.15,0.08497871064223061
5,0.016,0.85,1.4045238154734017e-05,0.48239918373219925,0.08497690736419905
5,0.016,0.85,1.4045238154734017e-05,0.8147983674643985,0.0849733994910098
5,0.016,0.85,1.4045238154734017e-05,1.1471975511965977,0.08496857390237844
5,0.016,0.85,1.4045238154734017e-05,1.4795967349287968,0.08496295838726597
5,0.016,0.85,1.4045238154734017e-05,1.8119959186609962,0.08495716789360452
5,0.016,0.85,1.4045238154734017e-05,2.1443951023931955,0.08495183611698676
5,0.016,0.85,1.4045238154734017e-05,2.4767942861253944,0.08494754697877616
5,0.016,0.85,1.4045238154734017e-05,2.8091934698575938,0.08494476999946032
5,0.016,0.85,1.4045238154734017e-05,3.141592653589793,0.08494380925346645
5,0.016,1.0,1.6523809593804727e-05,0.15,0.011737810544332428
5,0.016,1.0,1.6523809593804727e-05,0.48239918373219925,0.011735373945607197
5,0.016,1.0,1.6523809593804727e-05,0.8147983674643985,0.011730637994750603
5,0.016,1.0,1.6523809593804727e-05,1.1471975511965977,0.011724121797435316
5,0.016,1.0,1.6523809593804727e-05,1.4795967349287968,0.011716539066731091
5,0.016,1.0,1.6523809593804727e-05,1.8119959186609962,0.011708719912815857
5,0.016,1.0,1.6523809593804727e-05,2.1443951023931955,0.011701520292591416
5,0.016,1.0,1.6523809593804727e-05,2.4767942861253944,0.011695728515812132
5,0.016,1.0,1.6523809593804727e-05,2.8091934698575938,0.01169197868235261
5,0.016,1.0,1.6523809593804727e-05,3.141592653589793,0.011690681400192693
5,0.022445608832106792,0.15,4.942119158026781e-06,0.15,0.4274508482633317
5,0.022445608832106792,0.15,4.942119158026781e-06,0.48239918373219925,0.4274507344327789
5,0.022445608832106792,0.15,4.942119158026781e-06,0.8147983674643985,0.4274504972591262
5,0.022445608832106792,0.15,4.942119158026781e-06,1.1471975511965977,0.42745016981131
5,0.022445608832106792,0.15,4.942119158026781e-06,1.4795967349287968,0.4274497885181727
5,0.022445608832106792,0.15,4.942119158026781e-06,1.8119959186609962,0.42744939531070547
5,0.022445608832106792,0.15,4.942119158026781e-06,2.1443951023931955,0.4274490332714167
5,0.022445608832106792,0.15,4.942119158026781e-06,2.4767942861253944,0.4274487419695199
5,0.022445608832106792,0.15,4.942119158026781e-06,2.8091934698575938,0.4274485533474439
5,0.022445608832106792,0.15,4.942119158026781e-06,3.141592653589793,0.4274484881534837
5,0.022445608832106792,0.3,9.884238316053563e-06,0.15,0.3549006092278624
5,0.022445608832106792,0.3,9.884238316053563e-06,0.48239918373219925,0.35490013560758693
5,0.022445608832106792,0.3,9.884238316053563e-06,0.8147983674643985,0.35489920399437125
5,0.022445608832106792,0.3,9.884238316053563e-06,1.1471975511965977,0.35489792178442214
5,0.022445608832106792,0.3,9.884238316053563e-06,1.4795967349287968,0.35489642987620673
5,0.022445608832106792,0.3,9.884238316053563e-06,1.8119959186609962,0.35489489133514884
5,0.022445608832106792,0.3,9.884238316053563e-06,2.1443951023931955,0.3548934747260808
5,0.022445608832106792,0.3,9.884238316053563e-06,2.4767942861253944,0.35489233516459917
5,0.022445608832106792,0.3,9.884238316053563e-06,2.8091934698575938,0.3548915973168516
5,0.022445608832106792,0.3,9.884238316053563e-06,3.141592653589793,0.35489134210303175
5,0.022445608832106792,0.5,1.647373052675594e-05,0.15,0.25816524854812295
5,0.022445608832106792,0.5,1.647373052675594e-05,0.48239918373219925,0.258163955857444
5,0.022445608832106792,0.5,1.647373052675594e-05,0.8147983674643985,0.25816144429031795
5,0.022445608832106792,0.5,1.647373052675594e-05,1.1471975511965977,0.2581579891436945
5,0.022445608832106792,0.5,1.647373052675594e-05,1.4795967349287968,0.25815396834897975
5,0.022445608832106792,0.5,1.647373052675594e-05,1.8119959186609962,0.2581498222612608
5,0.022445608832106792,0.5,1.647373052675594e-05,2.1443951023931955,0.25814600472093563
5,0.022445608832106792,0.5,1.647373052675594e-05,2.4767942861253944,0.2581429335622747
5,0.022445608832106792,0.5,1.647373052675594e-05,2.8091934698575938,0.25814094521177355
5,0.022445608832106792,0.5,1.647373052675594e-05,3.141592653589793,0.2581402573166185
5,0.022445608832106792,0.7,2.3063222737458312e-05,0.15,0.16142792994664368
5,0.022445608832106792,0.7,2.3063222737458312e-05,0.48239918373219925,0.16142547479601754
5,0.022445608832106792,0.7,2.3063222737458312e-05,0.8147983674643985,0.16142070402373432
5,0.022445608832106792,0.7,2.3063222737458312e-05,1.1471975511965977,0.1614141402960716
5,0.022445608832106792,0.7,2.3063222737458312e-05,1.4795967349287968,0.16140650225267428
5,0.022445608832106792,0.7,2.3063222737458312e-05,1.8119959186609962,0.16139862582338704
5,0.022445608832106792,0.7,2.3063222737458312e-05,2.1443951023931955,0.16139137343011423
5,0.022445608832106792,0.7,2.3063222737458312e-05,2.4767942861253944,0.16138553914176823
5,0.022445608832106792,0.7,2.3063222737458312e-05,2.8091934698575938,0.16138176174130403
5,0.022445608832106792,0.7,2.3063222737458312e-05,3.141592653589793,0.16138045491862418
5,0.022445608832106792,0.85,2.8005341895485095e-05,0.15,0.08887366462344026
5,0.022445608832106792,0.85,2.8005341895485095e-05,0.48239918373219925,0.08887013012738842
5,0.022445608832106792,0.85,2.8005341895485095e-05,0.8147983674643985,0.08886326285706891
5,0.022445608832106792,0.85,2.8005341895485095e-05,1.1471975511965977,0.08885381543507131
5,0.022445608832106792,0.85,2.8005341895485095e-05,1.4795967349287968,0.08884282124833365
5,0.022445608832106792,0.85,2.8005341895485095e-05,1.8119959186609962,0.08883148409090391
5,0.022445608832106792,0.85,2.8005341895485095e-05,2.1443951023931955,0.08882104509109912
5,0.022445608832106792,0.85,2.8005341895485095e-05,2.4767942861253944,0.0888126471882551
5,0.022445608832106792,0.85,2.8005341895485095e-05,2.8091934698575938,0.0888072099930104
5,0.022445608832106792,0.85,2.8005341895485095e-05,3.141592653589793,0.08880532893919812
5,0.022445608832106792,1.0,3.294746105351188e-05,0.15,0.01631830531455858
5,0.022445608832106792,1.0,3.294746105351188e-05,0.48239918373219925,0.016313532692161292
5,0.022445608832106792,1.0,3.294746105351188e-05,0.8147983674643985,0.016304260085160838
5,0.022445608832106792,1.0,3.294746105351188e-05,1.1471975511965977,0.01629150294625825
5,0.022445608832106792,1.0,3.294746105351188e-05,1.4795967349287968,0.016276657441024023
5,0.022445608832106792,1.0,3.294746105351188e-05,1.8119959186609962,0.01626134859399464
5,0.022445608832106792,1.0,3.294746105351188e-05,2.1443951023931955,0.01624725251456649
5,0.022445608832106792,1.0,3.294746105351188e-05,2.4767942861253944,0.01623591256300605
5,0.022445608832106792,1.0,3.294746105351188e-05,2.8091934698575938,0.01622857053406035
5,0.022445608832106792,1.0,3.294746105351188e-05,3.141592653589793,0.01622603045982296
5,0.0314878347402469,0.15,9.907609140749064e-06,0.15,0.4283962871451992
5,0.0314878347402469,0.15,9.907609140749064e-06,0.48239918373219925,0.42839604496326555
5,0.0314878347402469,0.15,9.907609140749064e-06,0.8147983674643985,0.42839557927521454
5,0.0314878347402469,0.15,9.907609140749064e-06,1.1471975511965977,0.42839493906733894
5,0.0314878347402469,0.15,9.907609140749064e-06,1.4795967349287968,0.4283941941378884
5,0.0314878347402469,0.15,9.907609140749064e-06,1.8119959186609962,0.42839342589883467
5,0.0314878347402469,0.15,9.907609140749064e-06,2.1443951023931955,0.42839271855066796
5,0.0314878347402469,0.15,9.907609140749064e-06,2.4767942861253944,0.4283921494440517
5,0.0314878347402469,0.15,9.907609140749064e-06,2.8091934698575938,0.4283917810532112
5,0.0314878347402469,0.15,9.907609140749064e-06,3.141592653589793,0.4283916536040069
5,0.0314878347402469,0.3,1.9815218281498128e-05,0.15,0.35679039053202355
5,0.0314878347402469,0.3,1.9815218281498128e-05,0.48239918373219925,0.356789452954386
5,0.0314878347402469,0.3,1.9815218281498128e-05,0.8147983674643985,0.3567876324540289
5,0.0314878347402469,0.3,1.9815218281498128e-05,1.1471975511965977,0.3567851275962606
5,0.0314878347402469,0.3,1.9815218281498128e-05,1.4795967349287968,0.3567822128903584
5,0.0314878347402469,0.3,1.9815218281498128e-05,1.8119959186609962,0.3567792070722313
5,0.0314878347402469,0.3,1.9815218281498128e-05,2.1443951023931955,0.3567764394494226
5,0.0314878347402469,0.3,1.9815218281498128e-05,2.4767942861253944,0.356774212984434
5,0.0314878347402469,0.3,1.9815218281498128e-05,2.8091934698575938,0.3567727714636111
5,0.0314878347402469,0.3,1.9815218281498128e-05,3.141592653589793,0.35677227276759393
5,0.0314878347402469,0.5,3.302536380249688e-05,0.15,0.26131248220231895
5,0.0314878347402469,0.5,3.302536380249688e-05,0.48239918373219925,0.26130995687898007
5,0.0314878347402469,0.5,3.302536380249688e-05,0.8147983674643985,0.26130505051439923
5,0.0314878347402469,0.5,3.302536380249688e-05,1.1471975511965977,0.2612983004925029
5,0.0314878347402469,0.5,3.302536380249688e-05,1.4795967349287968,0.26129044545492763
5,0.0314878347402469,0.5,3.302536380249688e-05,1.8119959186609962,0.26128234518632043
5,0.0314878347402469,0.5,3.302536380249688e-05,2.1443951023931955,0.261274886531375
5,0.0314878347402469,0.5,3.302536380249688e-05,2.4767942861253944,0.26126888616379174
5,0.0314878347402469,0.5,3.302536380249688e-05,2.8091934698575938,0.2612650012194788
5,0.0314878347402469,0.5,3.302536380249688e-05,3.141592653589793,0.26126365715820743
5,0.0314878347402469,0.7,4.623550932349563e-05,0.15,0.1658307147593252
5,0.0314878347402469,0.7,4.623550932349563e-05,0.48239918373219925,0.16582591793678914
5,0.0314878347402469,0.7,4.623550932349563e-05,0.8147983674643985,0.16581659807993332
5,0.0314878347402469,0.7,4.623550932349563e-05,1.1471975511965977,0.16580377546054414
5,0.0314878347402469,0.7,4.623550932349563e-05,1.4795967349287968,0.16578885341851168
5,0.0314878347402469,0.7,4.623550932349563e-05,1.8119959186609962,0.1657734652830316
5,0.0314878347402469,0.7,4.623550932349563e-05,2.1443951023931955,0.16575929578200066
5,0.0314878347402469,0.7,4.623550932349563e-05,2.4767942861253944,0.1657478965147594
5,0.0314878347402469,0.7,4.623550932349563e-05,2.8091934698575938,0.1657405159681622
5,0.0314878347402469,0.7,4.623550932349563e-05,3.141592653589793,0.16573796254919637
5,0.0314878347402469,0.85,5.6143118464244695e-05,0.15,0.09421686313533817
5,0.0314878347402469,0.85,5.6143118464244695e-05,0.48239918373219925,0.09420995795176879
5,0.0314878347402469,0.85,5.6143118464244695e-05,0.8147983674643985,0.09419654328990523
5,0.0314878347402469,0.85,5.6143118464244695e-05,1.1471975511965977,0.09417808705503616
5,0.0314878347402469,0.85,5.6143118464244695e-05,1.4795967349287968,0.09415660882043952
5,0.0314878347402469,0.85,5.6143118464244695e-05,1.8119959186609962,0.09413445954431054
5,0.0314878347402469,0.85,5.6143118464244695e-05,2.1443951023931955,0.09411406411563861
5,0.0314878347402469,0.85,5.6143118464244695e-05,2.4767942861253944,0.09409765599009812
5,0.0314878347402469,0.85,5.6143118464244695e-05,2.8091934698575938,0.09408703234943672
5,0.0314878347402469,0.85,5.6143118464244695e-05,3.141592653589793,0.09408335690411795
5,0.0314878347402469,1.0,6.605072760499376e-05,0.15,0.02260084673420737
5,0.0314878347402469,1.0,6.605072760499376e-05,0.48239918373219925,0.0225915238864689
5,0.0314878347402469,1.0,6.605072760499376e-05,0.8147983674643985,0.022573410580142284
5,0.0314878347402469,1.0,6.605072760499376e-05,1.1471975511965977,0.02254848936762688
5,0.0314878347402469,1.0,6.605072760499376e-05,1.4795967349287968,0.022519487478260602
5,0.0314878347402469,1.0,6.605072760499376e-05,1.8119959186609962,0.02248957915305927
5,0.0314878347402469,1.0,6.605072760499376e-05,2.1443951023931955,0.0224620388785588
5,0.0314878347402469,1.0,6.605072760499376e-05,2.4767942861253944,0.022439882563543234
5,0.0314878347402469,1.0,6.605072760499376e-05,2.8091934698575938,0.022425537085270397
5,0.0314878347402469,1.0,6.605072760499376e-05,3.141592653589793,0.022420574018124695
5,0.044172726346850294,0.15,2.0015408461044878e-05,0.15,0.42968213589724136
5,0.044172726346850294,0.15,2.0015408461044878e-05,0.48239918373219925,0.42968166994195967
5,0.044172726346850294,0.15,2.0015408461044878e-05,0.8147983674643985,0.429680763362458
5,0.044172726346850294,0.15,2.0015408461044878e-05,1.1471975511965977,0.4296795165423215
5,0.044172726346850294,0.15,2.0015408461044878e-05,1.4795967349287968,0.42967806550078125
5,0.044172726346850294,0.15,2.0015408461044878e-05,1.8119959186609962,0.4296765691168607
5,0.044172726346850294,0.15,2.0015408461044878e-05,2.1443951023931955,0.4296751913325694
5,0.044172726346850294,0.15,2.0015408461044878e-05,2.4767942861253944,0.42967408296664633
5,0.044172726346850294,0.15,2.0015408461044878e-05,2.8091934698575938,0.42967336529370126
5,0.044172726346850294,0.15,2.0015408461044878e-05,3.141592653589793,0.4296731170362307
5,0.044172726346850294,0.3,4.0030816922089757e-05,0.15,0.3593599513044272
5,0.044172726346850294,0.3,4.0030816922089757e-05,0.48239918373219925,0.3593581275680082
5,0.044172726346850294,0.3,4.0030816922089757e-05,0.8147983674643985,0.3593545818124555
5,0.044172726346850294,0.3,4.0030816922089757e-05,1.1471975511965977,0.3593497033263038
5,0.044172726346850294,0.3,4.0030816922089757e-05,1.4795967349287968,0.3593440260856122
5,0.044172726346850294,0.3,4.0030816922089757e-05,1.8119959186609962,0.3593381715150843
5,0.044172726346850294,0.3,4.0030816922089757e-05,2.1443951023931955,0.3593327805976998
5,0.044172726346850294,0.3,4.0030816922089757e-05,2.4767942861253944,0.35932844365957917
5,0.044172726346850294,0.3,4.0030816922089757e-05,2.8091934698575938,0.359325635645408
5,0.044172726346850294,0.3,4.0030816922089757e-05,3.141592653589793,0.35932466416433106
5,0.044172726346850294,0.5,6.671802820348293e-05,0.15,0.26559033209375427
5,0.044172726346850294,0.5,6.671802820348293e-05,0.48239918373219925,0.2655854143167642
5,0.044172726346850294,0.5,6.671802820348293e-05,0.8147983674643985,0.2655758594118358
5,0.044172726346850294,0.5,6.671802820348293e-05,1.1471975511965977,0.2655627131619225
5,0.044172726346850294,0.5,6.671802820348293e-05,1.4795967349287968,0.26554741394121995
5,0.044172726346850294,0.5,6.671802820348293e-05,1.8119959186609962,0.265531636249144
5,0.044172726346850294,0.5,6.671802820348293e-05,2.1443951023931955,0.2655171074551781
5,0.044172726346850294,0.5,6.671802820348293e-05,2.4767942861253944,0.26550541875974076
5,0.044172726346850294,0.5,6.671802820348293e-05,2.8091934698575938,0.265497850616748
5,0.044172726346850294,0.5,6.671802820348293e-05,3.141592653589793,0.26549523225084526
5,0.044172726346850294,0.7,9.34052394848761e-05,0.15,0.1718130581418258
5,0.044172726346850294,0.7,9.34052394848761e-05,0.48239918373219925,0.17180371653279924
5,0.044172726346850294,0.7,9.34052394848761e-05,0.8147983674643985,0.17178556674096424
5,0.044172726346850294,0.7,9.34052394848761e-05,1.1471975511965977,0.17176059442511193
5,0.044172726346850294,0.7,9.34052394848761e-05,1.4795967349287968,0.17173153157723253
5,0.044172726346850294,0.7,9.34052394848761e-05,1.8119959186609962,0.17170155877021354
5,0.044172726346850294,0.7,9.34052394848761e-05,2.1443951023931955,0.17167395765812654
5,0.044172726346850294,0.7,9.34052394848761e-05,2.4767942861253944,0.17165175136342103
5,0.044172726346850294,0.7,9.34052394848761e-05,2.8091934698575938,0.17163737303853321
5,0.044172726346850294,0.7,9.34052394848761e-05,3.141592653589793,0.1716323985053425
5,0.044172726346850294,0.85,0.00011342064794592098,0.15,0.10147508958659901
5,0.044172726346850294,0.85,0.00011342064794592098,0.48239918373219925,0.10146164381974665
5,0.044172726346850294,0.85,0.00011342064794592098,0.8147983674643985,0.1014355212917677
5,0.044172726346850294,0.85,0.00011342064794592098,1.1471975511965977,0.10139957878527106
5,0.044172726346850294,0.85,0.00011342064794592098,1.4795967349287968,0.10135774794071817
5,0.044172726346850294,0.85,0.00011342064794592098,1.8119959186609962,0.10131460648589985
5,0.044172726346850294,0.85,0.00011342064794592098,2.1443951023931955,0.10127487791181311
5,0.044172726346850294,0.85,0.00011342064794592098,2.4767942861253944,0.10124291401985452
5,0.044172726346850294,0.85,0.00011342064794592098,2.8091934698575938,0.10122221749022398
5,0.044172726346850294,0.85,0.00011342064794592098,3.141592653589793,0.1012150569702579
5,0.044172726346850294,1.0,0.00013343605640696586,0.15,0.03113283045332982
5,0.044172726346850294,1.0,0.00013343605640696586,0.48239918373219925,0.031114675692176075
5,0.044172726346850294,1.0,0.00013343605640696586,0.8147983674643985,0.031079404801972466
5,0.044172726346850294,1.0,0.00013343605640696586,1.1471975511965977,0.031030874201152914
5,0.044172726346850294,1.0,0.00013343605640696586,1.4795967349287968,0.030974392123641836
5,0.044172726346850294,1.0,0.00013343605640696586,1.8119959186609962,0.030916139430938516
5,0.044172726346850294,1.0,0.00013343605640696586,2.1443951023931955,0.030862494156514986
5,0.044172726346850294,1.0,0.00013343605640696586,2.4767942861253944,0.030819332862189075
5,0.044172726346850294,1.0,0.00013343605640696586,2.8091934698575938,0.030791385753704548
5,0.044172726346850294,1.0,0.00013343605640696586,3.141592653589793,0.03078171664990803
5,0.061967733539318684,0.15,4.088368705032374e-05,0.15,0.431406702638371
5,0.061967733539318684,0.15,4.088368705032374e-05,0.48239918373219925,0.4314057984880195
5,0.061967733539318684,0.15,4.088368705032374e-05,0.8147983674643985,0.43140404085279904
5,0.061967733539318684,0.15,4.088368705032374e-05,1.1471975511965977,0.4314016228287778
5,0.061967733539318684,0.15,4.088368705032374e-05,1.4795967349287968,0.4313988088220697
5,0.061967733539318684,0.15,4.088368705032374e-05,1.8119959186609962,0.43139590692643637
5,0.061967733539318684,0.15,4.088368705032374e-05,2.1443951023931955,0.43139323481982084
5,0.061967733539318684,0.15,4.088368705032374e-05,2.4767942861253944,0.43139108511896684
5,0.061967733539318684,0.15,4.088368705032374e-05,2.8091934698575938,0.4313896932718304
5,0.061967733539318684,0.15,4.088368705032374e-05,3.141592653589793,0.4313892117294742
5,0.061967733539318684,0.3,8.176737410064748e-05,0.15,0.3628048035819649
5,0.061967733539318684,0.3,8.176737410064748e-05,0.48239918373219925,0.3628012644026237
5,0.061967733539318684,0.3,8.176737410064748e-05,0.8147983674643985,0.3627943889003451
5,0.061967733539318684,0.3,8.176737410064748e-05,1.1471975511965977,0.36278492893597947
5,0.061967733539318684,0.3,8.176737410064748e-05,1.4795967349287968,0.362773919361711
5,0.061967733539318684,0.3,8.176737410064748e-05,1.8119959186609962,0.3627625650715507
5,0.061967733539318684,0.3,8.176737410064748e-05,2.1443951023931955,0.36275210920111234
5,0.061967733539318684,0.3,8.176737410064748e-05,2.4767942861253944,0.36274369700783726
5,0.061967733539318684,0.3,8.176737410064748e-05,2.8091934698575938,0.36273825020684236
5,0.061967733539318684,0.3,8.176737410064748e-05,3.141592653589793,0.36273636573697243
5,0.061967733539318684,0.5,0.00013627895683441247,0.15,0.2713222416201846
5,0.061967733539318684,0.5,0.00013627895683441247,0.48239918373219925,0.27131270645761263
5,0.061967733539318684,0.5,0.00013627895683441247,0.8147983674643985,0.2712941810316216
5,0.061967733539318684,0.5,0.00013627895683441247,1.1471975511965977,0.2712686904544839
5,0.061967733539318684,0.5,0.00013627895683441247,1.4795967349287968,0.2712390221305605
5,0.061967733539318684,0.5,0.00013627895683441247,1.8119959186609962,0.2712084223943765
5,0.061967733539318684,0.5,0.00013627895683441247,2.1443951023931955,0.2711802416649609
5,0.061967733539318684,0.5,0.00013627895683441247,2.4767942861253944,0.2711575674894804
5,0.061967733539318684,0.5,0.00013627895683441247,2.8091934698575938,0.27114288546025533
5,0.061967733539318684,0.5,0.00013627895683441247,3.141592653589793,0.2711378057136189
5,0.061967733539318684,0.7,0.00019079053956817745,0.15,0.17982443425374073
5,0.061967733539318684,0.7,0.00019079053956817745,0.48239918373219925,0.17980632410018416
5,0.061967733539318684,0.7,0.00019079053956817745,0.8147983674643985,0.17977113842359915
5,0.061967733539318684,0.7,0.00019079053956817745,1.1471975511965977,0.17972272111177467
5,0.061967733539318684,0.7,0.00019079053956817745,1.4795967349287968,0.17966636501385969
5,0.061967733539318684,0.7,0.00019079053956817745,1.8119959186609962,0.1796082356889015
5,0.061967733539318684,0.7,0.00019079053956817745,2.1443951023931955,0.1795546981107552
5,0.061967733539318684,0.7,0.00019079053956817745,2.4767942861253944,0.17951161935483184
5,0.061967733539318684,0.7,0.00019079053956817745,2.8091934698575938,0.17948372372831178
5,0.061967733539318684,0.7,0.00019079053956817745,3.141592653589793,0.17947407208106902
5,0.061967733539318684,0.85,0.0002316742266185012,0.15,0.11119108974365344
5,0.061967733539318684,0.85,0.0002316742266185012,0.48239918373219925,0.11116502739152723
5,0.061967733539318684,0.85,0.0002316742266185012,0.8147983674643985,0.11111439014409985
5,0.061967733539318684,0.85,0.0002316742266185012,1.1471975511965977,0.11104470848412995
5,0.061967733539318684,0.85,0.0002316742266185012,1.4795967349287968,0.11096359821417345
5,0.061967733539318684,0.85,0.0002316742266185012,1.8119959186609962,0.11087993225027315
5,0.061967733539318684,0.85,0.0002316742266185012,2.1443951023931955,0.11080287199637895
5,0.061967733539318684,0.85,0.0002316742266185012,2.4767942861253944,0.1107408635871423
5,0.061967733539318684,0.85,0.0002316742266185012,2.8091934698575938,0.11070070900881501
5,0.061967733539318684,0.85,0.0002316742266185012,3.141592653589793,0.11068681567836358
5,0.061967733539318684,1.0,0.00027255791366882494,0.15,0.04254919676763613
5,0.061967733539318684,1.0,0.00027255791366882494,0.48239918373219925,0.04251401107043651
5,0.061967733539318684,1.0,0.00027255791366882494,0.8147983674643985,0.04244564693390318
5,0.061967733539318684,1.0,0.00027255791366882494,1.1471975511965977,0.042351568946169094
5,0.061967733539318684,1.0,0.00027255791366882494,1.4795967349287968,0.0422420575067004
5,0.061967733539318684,1.0,0.00027255791366882494,1.8119959186609962,0.04212909144228072
5,0.061967733539318684,1.0,0.00027255791366882494,2.1443951023931955,0.04202504080567282
5,0.061967733539318684,1.0,0.00027255791366882494,2.4767942861253944,0.04194131141574742
5,0.061967733539318684,1.0,0.00027255791366882494,2.8091934698575938,0.041887089859379945
5,0.061967733539318684,1.0,0.00027255791366882494,3.141592653589793,0.04186832917971284
5,0.08693146920223571,0.15,8.485326212422037e-05,0.15,0.43367102080154063
5,0.08693146920223571,0.15,8.485326212422037e-05,0.48239918373219925,0.4336692770821309
5,0.08693146920223571,0.15,8.485326212422037e-05,0.8147983674643985,0.4336658902866488
5,0.08693146920223571,0.15,8.485326212422037e-05,1.1471975511965977,0.43366123036999626
5,0.08693146920223571,0.15,8.485326212422037e-05,1.4795967349287968,0.4336558070827099
5,0.08693146920223571,0.15,8.485326212422037e-05,1.8119959186609962,0.433650213919776
5,0.08693146920223571,0.15,8.485326212422037e-05,2.1443951023931955,0.4336450632756388
5,0.08693146920223571,0.15,8.485326212422037e-05,2.4767942861253944,0.4336409193020343
5,0.08693146920223571,0.15,8.485326212422037e-05,2.8091934698575938,0.43363823611006813
5,0.08693146920223571,0.15,8.485326212422037e-05,3.141592653589793,0.4336373077955429
5,0.08693146920223571,0.3,0.00016970652424844074,0.15,0.36732478834804927
5,0.08693146920223571,0.3,0.00016970652424844074,0.48239918373219925,0.367317969838723
5,0.08693146920223571,0.3,0.00016970652424844074,0.8147983674643985,0.3673047224023811
5,0.08693146920223571,0.3,0.00016970652424844074,1.1471975511965977,0.36728649313946327
5,0.08693146920223571,0.3,0.00016970652424844074,1.4795967349287968,0.36726527480155613
5,0.08693146920223571,0.3,0.00016970652424844074,1.8119959186609962,0.3672433887139046
5,0.08693146920223571,0.3,0.00016970652424844074,2.1443951023931955,0.3672232313419581
5,0.08693146920223571,0.3,0.00016970652424844074,2.4767942861253944,0.36720701172958337
5,0.08693146920223571,0.3,0.00016970652424844074,2.8091934698575938,0.36719650869453324
5,0.08693146920223571,0.3,0.00016970652424844074,3.141592653589793,0.3671928747253199
5,0.08693146920223571,0.5,0.0002828442070807346,0.15,0.2788363416875408
5,0.08693146920223571,0.5,0.0002828442070807346,0.48239918373219925,0.2788179747109458
5,0.08693146920223571,0.5,0.0002828442070807346,0.8147983674643985,0.27878228721949805
5,0.08693146920223571,0.5,0.0002828442070807346,1.1471975511965977,0.2787331731013263
5,0.08693146920223571,0.5,0.0002828442070807346,1.4795967349287968,0.27867599684439215
5,0.08693146920223571,0.5,0.0002828442070807346,1.8119959186609962,0.27861701126637906
5,0.08693146920223571,0.5,0.0002828442070807346,2.1443951023931955,0.2785626758465152
5,0.08693146920223571,0.5,0.0002828442070807346,2.4767942861253944,0.27851894868028326
5,0.08693146920223571,0.5,0.0002828442070807346,2.8091934698575938,0.27849063012092246
5,0.08693146920223571,0.5,0.0002828442070807346,3.141592653589793,0.2784808315800644
5,0.08693146920223571,0.7,0.0003959818899130284,0.15,0.19031730327101215
5,0.08693146920223571,0.7,0.0003959818899130284,0.48239918373219925,0.19028242856181898
5,0.08693146920223571,0.7,0.0003959818899130284,0.8147983674643985,0.1902146611558475
5,0.08693146920223571,0.7,0.0003959818899130284,1.1471975511965977,0.1901213880771253
5,0.08693146920223571,0.7,0.0003959818899130284,1.4795967349287968,0.19001278987355374
5,0.08693146920223571,0.7,0.0003959818899130284,1.8119959186609962,0.18990073909459593
5,0.08693146920223571,0.7,0.0003959818899130284,2.1443951023931955,0.1897975074751932
5,0.08693146920223571,0.7,0.0003959818899130284,2.4767942861253944,0.18971442040333453
5,0.08693146920223571,0.7,0.0003959818899130284,2.8091934698575938,0.18966060683624208
5,0.08693146920223571,0.7,0.0003959818899130284,3.141592653589793,0.18964198586486947
5,0.08693146920223571,0.85,0.00048083515203724877,0.15,0.1239079759552073
5,0.08693146920223571,0.85,0.00048083515203724877,0.48239918373219925,0.1238577977267914
5,0.08693146920223571,0.85,0.00048083515203724877,0.8147983674643985,0.12376028875224732
5,0.08693146920223571,0.85,0.00048083515203724877,1.1471975511965977,0.12362607132556191
5,0.08693146920223571,0.85,0.00048083515203724877,1.4795967349287968,0.12346978848580692
5,0.08693146920223571,0.85,0.00048083515203724877,1.8119959186609962,0.12330852246200785
5,0.08693146920223571,0.85,0.00048083515203724877,2.1443951023931955,0.12315993604533104
5,0.08693146920223571,0.85,0.00048083515203724877,2.4767942861253944,0.1230403355478451
5,0.08693146920223571,0.85,0.00048083515203724877,2.8091934698575938,0.12296286874548468
5,0.08693146920223571,0.85,0.00048083515203724877,3.141592653589793,0.12293606230762855
5,0.08693146920223571,1.0,0.0005656884141614692,0.15,0.057481485640598295
5,0.08693146920223571,1.0,0.0005656884141614692,0.48239918373219925,0.057413757476076466
5,0.08693146920223571,1.0,0.0005656884141614692,0.8147983674643985,0.057282140026254424
5,0.08693146920223571,1.0,0.0005656884141614692,1.1471975511965977,0.057100963430722906
5,0.08693146920223571,1.0,0.0005656884141614692,1.4795967349287968,0.05688998655906263
5,0.08693146920223571,1.0,0.0005656884141614692,1.8119959186609962,0.056672265929792465
5,0.08693146920223571,1.0,0.0005656884141614692,2.1443951023931955,0.05647164876294042
5,0.08693146920223571,1.0,0.0005656884141614692,2.4767942861253944,0.05631015718984722
5,0.08693146920223571,1.0,0.0005656884141614692,2.8091934698575938,0.05620555205908806
5,0.08693146920223571,1.0,0.0005656884141614692,3.141592653589793,0.05616935383509336
5,0.12195185955710752,0.15,0.00018028280730025825,0.15,0.43654651822256696
5,0.12195185955710752,0.15,0.00018028280730025825,0.48239918373219925,0.4365431889757827
5,0.12195185955710752,0.15,0.00018028280730025825,0.8147983674643985,0.436536720109687
5,0.12195185955710752,0.15,0.00018028280730025825,1.1471975511965977,0.43652781836397336
5,0.12195185955710752,0.15,0.00018028280730025825,1.4795967349287968,0.43651745670072795
5,0.12195185955710752,0.15,0.00018028280730025825,1.8119959186609962,0.4365067686248696
5,0.12195185955710752,0.15,0.00018028280730025825,2.1443951023931955,0.43649692448446986
5,0.12195185955710752,0.15,0.00018028280730025825,2.4767942861253944,0.43648900320769246
5,0.12195185955710752,0.15,0.00018028280730025825,2.8091934698575938,0.43648387367776853
5,0.12195185955710752,0.15,0.00018028280730025825,3.141592653589793,0.4364820988828646
5,0.12195185955710752,0.3,0.0003605656146005165,0.15,0.37305800670279643
5,0.12195185955710752,0.3,0.0003605656146005165,0.48239918373219925,0.37304498830425126
5,0.12195185955710752,0.3,0.0003605656146005165,0.8147983674643985,0.3730196910472712
5,0.12195185955710752,0.3,0.0003605656146005165,1.1471975511965977,0.3729848721742286
5,0.12195185955710752,0.3,0.0003605656146005165,1.4795967349287968,0.37294433169995944
5,0.12195185955710752,0.3,0.0003605656146005165,1.8119959186609962,0.37290250151892157
5,0.12195185955710752,0.3,0.0003605656146005165,2.1443951023931955,0.37286396291369583
5,0.12195185955710752,0.3,0.0003605656146005165,2.4767942861253944,0.3728329441793625
5,0.12195185955710752,0.3,0.0003605656146005165,2.8091934698575938,0.37281285381612106
5,0.12195185955710752,0.3,0.0003605656146005165,3.141592653589793,0.372805901954804
5,0.12195185955710752,0.5,0.0006009426910008608,0.15,0.2883522042855864
5,0.12195185955710752,0.5,0.0006009426910008608,0.48239918373219925,0.2883171526440538
5,0.12195185955710752,0.5,0.0006009426910008608,0.8147983674643985,0.288249029303987
5,0.12195185955710752,0.5,0.0006009426910008608,1.1471975511965977,0.28815524046976027
5,0.12195185955710752,0.5,0.0006009426910008608,1.4795967349287968,0.2880460040604611
5,0.12195185955710752,0.5,0.0006009426910008608,1.8119959186609962,0.2879332522596598
5,0.12195185955710752,0.5,0.0006009426910008608,2.1443951023931955,0.2878293365501723
5,0.12195185955710752,0.5,0.0006009426910008608,2.4767942861253944,0.2877456722436589
5,0.12195185955710752,0.5,0.0006009426910008608,2.8091934698575938,0.28769147213827084
5,0.12195185955710752,0.5,0.0006009426910008608,3.141592653589793,0.2876727150912006
5,0.12195185955710752,0.7,0.0008413197674012052,0.15,0.20358421756239853
5,0.12195185955710752,0.7,0.0008413197674012052,0.48239918373219925,0.20351769622159477
5,0.12195185955710752,0.7,0.0008413197674012052,0.8147983674643985,0.2033883924966211
5,0.12195185955710752,0.7,0.0008413197674012052,1.1471975511965977,0.20321033373383846
5,0.12195185955710752,0.7,0.0008413197674012052,1.4795967349287968,0.20300288954147305
5,0.12195185955710752,0.7,0.0008413197674012052,1.8119959186609962,0.20278870395093973
5,0.12195185955710752,0.7,0.0008413197674012052,2.1443951023931955,0.20259124469664958
5,0.12195185955710752,0.7,0.0008413197674012052,2.4767942861253944,0.20243222587061593
5,0.12195185955710752,0.7,0.0008413197674012052,2.8091934698575938,0.20232918945834588
5,0.12195185955710752,0.7,0.0008413197674012052,3.141592653589793,0.20229352804329315
5,0.12195185955710752,0.85,0.0010216025747014634,0.15,0.139967450858683
5,0.12195185955710752,0.85,0.0010216025747014634,0.48239918373219925,0.1398717792108748
5,0.12195185955710752,0.85,0.0010216025747014634,0.8147983674643985,0.1396857964710756
5,0.12195185955710752,0.85,0.0010216025747014634,1.1471975511965977,0.13942965072109903
5,0.12195185955710752,0.85,0.0010216025747014634,1.4795967349287968,0.13913117916524342
5,0.12195185955710752,0.85,0.0010216025747014634,1.8119959186609962,0.13882294774275472
5,0.12195185955710752,0.85,0.0010216025747014634,2.1443951023931955,0.13853873276132922
5,0.12195185955710752,0.85,0.0010216025747014634,2.4767942861253944,0.13830980967519668
5,0.12195185955710752,0.85,0.0010216025747014634,2.8091934698575938,0.13816146078462044
5,0.12195185955710752,0.85,0.0010216025747014634,3.141592653589793,0.13811011320963695
5,0.12195185955710752,1.0,0.0012018853820017217,0.15,0.07631575735742802
5,0.12195185955710752,1.0,0.0012018853820017217,0.48239918373219925,0.07618668361192493
5,0.12195185955710752,1.0,0.0012018853820017217,0.8147983674643985,0.07593574876585696
5,0.12195185955710752,1.0,0.0012018853820017217,1.1471975511965977,0.0755901050808192
5,0.12195185955710752,1.0,0.0012018853820017217,1.4795967349287968,0.07518728523232832
5,0.12195185955710752,1.0,0.0012018853820017217,1.8119959186609962,0.07477122397513414
5,0.12195185955710752,1.0,0.0012018853820017217,2.1443951023931955,0.07438751862472381
5,0.12195185955710752,1.0,0.0012018853820017217,2.4767942861253944,0.07407841693491046
5,0.12195185955710752,1.0,0.0012018853820017217,2.8091934698575938,0.07387808934681939
5,0.12195185955710752,1.0,0.0012018853820017217,3.141592653589793,0.07380874676766358
5,0.1710802334979287,0.15,0.0003966781181193003,0.15,0.44000449723565227
5,0.1710802334979287,0.15,0.0003966781181193003,0.48239918373219925,0.4399982129679014
5,0.1710802334979287,0.15,0.0003966781181193003,0.8147983674643985,0.43998600112196184
5,0.1710802334979287,0.15,0.0003966781181193003,1.1471975511965977,0.43996919185917993
5,0.1710802334979287,0.15,0.0003966781181193003,1.4795967349287968,0.4399496190144718
5,0.1710802334979287,0.15,0.0003966781181193003,1.8119959186609962,0.4399294219111527
5,0.1710802334979287,0.15,0.0003966781181193003,2.1443951023931955,0.4399108126666913
5,0.1710802334979287,0.15,0.0003966781181193003,2.4767942861253944,0.43989583357237816
5,0.1710802334979287,0.15,0.0003966781181193003,2.8091934698575938,0.43988613136473664
5,0.1710802334979287,0.15,0.0003966781181193003,3.141592653589793,0.4398827740244087
5,0.1710802334979287,0.3,0.0007933562362386006,0.15,0.37993620910723314
5,0.1710802334979287,0.3,0.0007933562362386006,0.48239918373219925,0.379911652590766
5,0.1710802334979287,0.3,0.0007933562362386006,0.8147983674643985,0.37986391843655287
5,0.1710802334979287,0.3,0.0007933562362386006,1.1471975511965977,0.3797981825130996
5,0.1710802334979287,0.3,0.0007933562362386006,1.4795967349287968,0.37972159334532574
5,0.1710802334979287,0.3,0.0007933562362386006,1.8119959186609962,0.37964250989554893
5,0.1710802334979287,0.3,0.0007933562362386006,2.1443951023931955,0.37956959746697283
5,0.1710802334979287,0.3,0.0007933562362386006,2.4767942861253944,0.3795108759043331
5,0.1710802334979287,0.3,0.0007933562362386006,2.8091934698575938,0.3794728255950335
5,0.1710802334979287,0.3,0.0007933562362386006,3.141592653589793,0.3794596558964467
5,0.1710802334979287,0.5,0.001322260393731001,0.15,0.2997318873048116
5,0.1710802334979287,0.5,0.001322260393731001,0.48239918373219925,0.2996658301292938
5,0.1710802334979287,0.5,0.001322260393731001,0.8147983674643985,0.2995373783239985
5,0.1710802334979287,0.5,0.001322260393731001,1.1471975511965977,0.2993603837178773
5,0.1710802334979287,0.5,0.001322260393731001,1.4795967349287968,0.29915401999939095
5,0.1710802334979287,0.5,0.001322260393731001,1.8119959186609962,0.29894077000996
5,0.1710802334979287,0.5,0.001322260393731001,2.1443951023931955,0.29874401120472105
5,0.1710802334979287,0.5,0.001322260393731001,2.4767942861253944,0.29858544337318427
5,0.1710802334979287,0.5,0.001322260393731001,2.8091934698575938,0.29848264529346413
5,0.1710802334979287,0.5,0.001322260393731001,3.141592653589793,0.29844705649184555
5,0.1710802334979287,0.7,0.001851164551223401,0.15,0.21939805107477972
5,0.1710802334979287,0.7,0.001851164551223401,0.48239918373219925,0.21927281612582372
5,0.1710802334979287,0.7,0.001851164551223401,0.8147983674643985,0.21902921381523321
5,0.1710802334979287,0.7,0.001851164551223401,1.1471975511965977,0.21869338801346516
5,0.1710802334979287,0.7,0.001851164551223401,1.4795967349287968,0.21830159738933874
5,0.1710802334979287,0.7,0.001851164551223401,1.8119959186609962,0.21789646122070527
5,0.1710802334979287,0.7,0.001851164551223401,2.1443951023931955,0.21752241073801493
5,0.1710802334979287,0.7,0.001851164551223401,2.4767942861253944,0.21722079304094266
5,0.1710802334979287,0.7,0.001851164551223401,2.8091934698575938,0.2170251757796926
5,0.1710802334979287,0.7,0.001851164551223401,3.141592653589793,0.2169574379967305
5,0.1710802334979287,0.85,0.0022478426693427014,0.15,0.15906263942322552
5,0.1710802334979287,0.85,0.0022478426693427014,0.48239918373219925,0.15888267965400527
5,0.1710802334979287,0.85,0.0022478426693427014,0.8147983674643985,0.1585325578638046
5,0.1710802334979287,0.85,0.0022478426693427014,1.1471975511965977,0.15804973309770087
5,0.1710802334979287,0.85,0.0022478426693427014,1.4795967349287968,0.1574862226848741
5,0.1710802334979287,0.85,0.0022478426693427014,1.8119959186609962,0.15690326493093587
5,0.1710802334979287,0.85,0.0022478426693427014,2.1443951023931955,0.1563648097514747
5,0.1710802334979287,0.85,0.0022478426693427014,2.4767942861253944,0.15593046505426122
5,0.1710802334979287,0.85,0.0022478426693427014,2.8091934698575938,0.15564869094306788
5,0.1710802334979287,0.85,0.0022478426693427014,3.141592653589793,0.1555511052102736
5,0.1710802334979287,1.0,0.002644520787462002,0.15,0.09865430948267817
5,0.1710802334979287,1.0,0.002644520787462002,0.48239918373219925,0.09841174670100528
5,0.1710802334979287,1.0,0.002644520787462002,0.8147983674643985,0.0979397446621626
5,0.1710802334979287,1.0,0.002644520787462002,1.1471975511965977,0.09728866617676912
5,0.1710802334979287,1.0,0.002644520787462002,1.4795967349287968,0.09652852438167048
5,0.1710802334979287,1.0,0.002644520787462002,1.8119959186609962,0.09574185555099879
5,0.1710802334979287,1.0,0.002644520787462002,2.1443951023931955,0.09501497651089319
5,0.1710802334979287,1.0,0.002644520787462002,2.4767942861253944,0.0944284560128612
5,0.1710802334979287,1.0,0.002644520787462002,2.8091934698575938,0.09404787291443828
5,0.1710802334979287,1.0,0.002644520787462002,3.141592653589793,0.09391605105869116
5,0.24,0.15,0.0009210728116272659,0.15,0.4437953428415162
5,0.24,0.15,0.0009210728116272659,0.48239918373219925,0.44378362489224377
5,0.24,0.15,0.0009210728116272659,0.8147983674643985,0.44376084470373467
5,0.24,0.15,0.0009210728116272659,1.1471975511965977,0.4437294685712456
5,0.24,0.15,0.0009210728116272659,1.4795967349287968,0.44369290488517477
5,0.24,0.15,0.0009210728116272659,1.8119959186609962,0.4436551422481734
5,0.24,0.15,0.0009210728116272659,2.1443951023931955,0.4436203189290817
5,0.24,0.15,0.0009210728116272659,2.4767942861253944,0.443592268091493
5,0.24,0.15,0.0009210728116272659,2.8091934698575938,0.4435740893012339
5,0.24,0.15,0.0009210728116272659,3.141592653589793,0.4435677969407543
5,0.24,0.3,0.0018421456232545319,0.15,0.38743253923109555
5,0.24,0.3,0.0018421456232545319,0.48239918373219925,0.38738680338594267
5,0.24,0.3,0.0018421456232545319,0.8147983674643985,0.3872978306527146
5,0.24,0.3,0.0018421456232545319,1.1471975511965977,0.3871751546862563
5,0.24,0.3,0.0018421456232545319,1.4795967349287968,0.38703200589601217
5,0.24,0.3,0.0018421456232545319,1.8119959186609962,0.38688394791203495
5,0.24,0.3,0.0018421456232545319,2.1443951023931955,0.3867472201831659
5,0.24,0.3,0.0018421456232545319,2.4767942861253944,0.3866369478622911
5,0.24,0.3,0.0018421456232545319,2.8091934698575938,0.38656541947166434
5,0.24,0.3,0.0018421456232545319,3.141592653589793,0.38654064896092866
5,0.24,0.5,0.00307024270542422,0.15,0.312035366439098
5,0.24,0.5,0.00307024270542422,0.48239918373219925,0.311912555080208
5,0.24,0.5,0.00307024270542422,0.8147983674643985,0.3116734495621998
5,0.24,0.5,0.00307024270542422,1.1471975511965977,0.31134335137563784
5,0.24,0.5,0.00307024270542422,1.4795967349287968,0.310957551018046
5,0.24,0.5,0.00307024270542422,1.8119959186609962,0.31055782433917467
5,0.24,0.5,0.00307024270542422,2.1443951023931955,0.31018805862552545
5,0.24,0.5,0.00307024270542422,2.4767942861253944,0.3098893990046503
5,0.24,0.5,0.00307024270542422,2.8091934698575938,0.3096954627442705
5,0.24,0.5,0.00307024270542422,3.141592653589793,0.3096282634628029
5,0.24,0.7,0.004298339787593908,0.15,0.23635520962307832
5,0.24,0.7,0.004298339787593908,0.48239918373219925,0.23612285267598643
5,0.24,0.7,0.004298339787593908,0.8147983674643985,0.23567015126501922
5,0.24,0.7,0.004298339787593908,1.1471975511965977,0.23504448272466427
5,0.24,0.7,0.004298339787593908,1.4795967349287968,0.23431222428527287
5,0.24,0.7,0.004298339787593908,1.8119959186609962,0.23355238523516464
5,0.24,0.7,0.004298339787593908,2.1443951023931955,0.23284846070135345
5,0.24,0.7,0.004298339787593908,2.4767942861253944,0.23227917417906863
5,0.24,0.7,0.004298339787593908,2.8091934698575938,0.231909157545247
5,0.24,0.7,0.004298339787593908,3.141592653589793,0.23178088235107341
5,0.24,0.85,0.005219412599221173,0.15,0.17940874833006903
5,0.24,0.85,0.005219412599221173,0.48239918373219925,0.1790754327272941
5,0.24,0.85,0.005219412599221173,0.8147983674643985,0.17842573577989862
5,0.24,0.85,0.005219412599221173,1.1471975511965977,0.17752715880161563
5,0.24,0.85,0.005219412599221173,1.4795967349287968,0.17647455223316633
5,0.24,0.85,0.005219412599221173,1.8119959186609962,0.1753812257866374
5,0.24,0.85,0.005219412599221173,2.1443951023931955,0.1743673844971505
5,0.24,0.85,0.005219412599221173,2.4767942861253944,0.17354677976742616
5,0.24,0.85,0.005219412599221173,2.8091934698575938,0.17301309104303098
5,0.24,0.85,0.005219412599221173,3.141592653589793,0.17282801557271132
5,0.24,1.0,0.00614048541084844,0.15,0.12230206631524054
5,0.24,1.0,0.00614048541084844,0.48239918373219925,0.12185365519953706
5,0.24,1.0,0.00614048541084844,0.8147983674643985,0.12097926541366166
5,0.24,1.0,0.00614048541084844,1.1471975511965977,0.11976916548966554
5,0.24,1.0,0.00614048541084844,1.4795967349287968,0.11835052754124864
5,0.24,1.0,0.00614048541084844,1.8119959186609962,0.1168757547357373
5,0.24,1.0,0.00614048541084844,2.1443951023931955,0.11550706635169772
5,0.24,1.0,0.00614048541084844,2.4767942861253944,0.11439845729125953
5,0.24,1.0,0.00614048541084844,2.8091934698575938,0.11367708520285436
5,0.24,1.0,0.00614048541084844,3.141592653589793,0.11342685486332349
5,0.3177142857142857,0.15,0.0019724389076763525,0.15,0.4468099914860897
5,0.3177142857142857,0.15,0.0019724389076763525,0.48239918373219925,0.44679031875789743
5,0.3177142857142857,0.15,0.0019724389076763525,0.8147983674643985,0.44675204609896735
5,0.3177142857142857,0.15,0.0019724389076763525,1.1471975511965977,0.44669927098405626
5,0.3177142857142857,0.15,0.0019724389076763525,1.4795967349287968,0.4466376816839295
5,0.3177142857142857,0.15,0.0019724389076763525,1.8119959186609962,0.44657397248082553
5,0.3177142857142857,0.15,0.0019724389076763525,2.1443951023931955,0.4465151316461522
5,0.3177142857142857,0.15,0.0019724389076763525,2.4767942861253944,0.4464676709647235
5,0.3177142857142857,0.15,0.0019724389076763525,2.8091934698575938,0.4464368831168526
5,0.3177142857142857,0.15,0.0019724389076763525,3.141592653589793,0.446426220750882
5,0.3177142857142857,0.3,0.003944877815352705,0.15,0.39329939258477986
5,0.3177142857142857,0.3,0.003944877815352705,0.48239918373219925,0.393222730206086
5,0.3177142857142857,0.3,0.003944877815352705,0.8147983674643985,0.393073385057358
5,0.3177142857142857,0.3,0.003944877815352705,1.1471975511965977,0.3928670132509473
5,0.3177142857142857,0.3,0.003944877815352705,1.4795967349287968,0.39262553357536745
5,0.3177142857142857,0.3,0.003944877815352705,1.8119959186609962,0.39237501374538253
5,0.3177142857142857,0.3,0.003944877815352705,2.1443951023931955,0.392142977523551
5,0.3177142857142857,0.3,0.003944877815352705,2.4767942861253944,0.3919553553965469
5,0.3177142857142857,0.3,0.003944877815352705,2.8091934698575938,0.39183342291765677
5,0.3177142857142857,0.3,0.003944877815352705,3.141592653589793,0.3917911548722346
5,0.3177142857142857,0.5,0.006574796358921175,0.15,0.32144905909332433
5,0.3177142857142857,0.5,0.006574796358921175,0.48239918373219925,0.32124371867270285
5,0.3177142857142857,0.5,0.006574796358921175,0.8147983674643985,0.32084305346701925
5,0.3177142857142857,0.5,0.006574796358921175,1.1471975511965977,0.3202879945750361
5,0.3177142857142857,0.5,0.006574796358921175,1.4795967349287968,0.3196364409197954
5,0.3177142857142857,0.5,0.006574796358921175,1.8119959186609962,0.3189581336380398
5,0.3177142857142857,0.5,0.006574796358921175,2.1443951023931955,0.31832772301110124
5,0.3177142857142857,0.5,0.006574796358921175,2.4767942861253944,0.31781646524391194
5,0.3177142857142857,0.5,0.006574796358921175,2.8091934698575938,0.31748348053640085
5,0.3177142857142857,0.5,0.006574796358921175,3.141592653589793,0.3173679172052617
5,0.3177142857142857,0.7,0.009204714902489645,0.15,0.24901870860041964
5,0.3177142857142857,0.7,0.009204714902489645,0.48239918373219925,0.24863137556176151
5,0.3177142857142857,0.7,0.009204714902489645,0.8147983674643985,0.2478745473162276
5,0.3177142857142857,0.7,0.009204714902489645,1.1471975511965977,0.24682377910776854
5,0.3177142857142857,0.7,0.009204714902489645,1.4795967349287968,0.24558693494778372
5,0.3177142857142857,0.7,0.009204714902489645,1.8119959186609962,0.2442954072319159
5,0.3177142857142857,0.7,0.009204714902489645,2.1443951023931955,0.24309152114658183
5,0.3177142857142857,0.7,0.009204714902489645,2.4767942861253944,0.24211266981752688
5,0.3177142857142857,0.7,0.009204714902489645,2.8091934698575938,0.2414739327136155
5,0.3177142857142857,0.7,0.009204714902489645,3.141592653589793,0.2412520349469991
5,0.3177142857142857,0.85,0.011177153810165997,0.15,0.19431178108742997
5,0.3177142857142857,0.85,0.011177153810165997,0.48239918373219925,0.19375760777875972
5,0.3177142857142857,0.85,0.011177153810165997,0.8147983674643985,0.1926738009457123
5,0.3177142857142857,0.85,0.011177153810165997,1.1471975511965977,0.1911669184477276
5,0.3177142857142857,0.85,0.011177153810165997,1.4795967349287968,0.18939001910310327
5,0.3177142857142857,0.85,0.011177153810165997,1.8119959186609962,0.18753093129665643
5,0.3177142857142857,0.85,0.011177153810165997,2.1443951023931955,0.1857946908744874
5,0.3177142857142857,0.85,0.011177153810165997,2.4767942861253944,0.18438066174046197
5,0.3177142857142857,0.85,0.011177153810165997,2.8091934698575938,0.18345683445418448
5,0.3177142857142857,0.85,0.011177153810165997,3.141592653589793,0.18313569000526897
5,0.3177142857142857,1.0,0.01314959271784235,0.15,0.1392727856185323
5,0.3177142857142857,1.0,0.01314959271784235,0.48239918373219925,0.13852946371406016
5,0.3177142857142857,1.0,0.01314959271784235,0.8147983674643985,0.13707459115605225
5,0.3177142857142857,1.0,0.01314959271784235,1.1471975511965977,0.13504929777974062
5,0.3177142857142857,1.0,0.01314959271784235,1.4795967349287968,0.1326574075010516
5,0.3177142857142857,1.0,0.01314959271784235,1.8119959186609962,0.13015067259393787
5,0.3177142857142857,1.0,0.01314959271784235,2.1443951023931955,0.12780575177249354
5,0.3177142857142857,1.0,0.01314959271784235,2.4767942861253944,0.12589330800059062
5,0.3177142857142857,1.0,0.01314959271784235,2.8091934698575938,0.12464256166728105
5,0.3177142857142857,1.0,0.01314959271784235,3.141592653589793,0.12420753547031027
5,0.3954285714285714,0.15,0.003798403775647092,0.15,0.4489711570089048
5,0.3954285714285714,0.15,0.003798403775647092,0.48239918373219925,0.4489408503594867
5,0.3954285714285714,0.15,0.003798403775647092,0.8147983674643985,0.44888182408338495
5,0.3954285714285714,0.15,0.003798403775647092,1.1471975511965977,0.4488002887702285
5,0.3954285714285714,0.15,0.003798403775647092,1.4795967349287968,0.44870492641169646
5,0.3954285714285714,0.15,0.003798403775647092,1.8119959186609962,0.4486060435090662
5,0.3954285714285714,0.15,0.003798403775647092,2.1443951023931955,0.44851450094397394
5,0.3954285714285714,0.15,0.003798403775647092,2.4767942861253944,0.4484405117648411
5,0.3954285714285714,0.15,0.003798403775647092,2.8091934698575938,0.4483924423206811
5,0.3954285714285714,0.15,0.003798403775647092,3.141592653589793,0.4483757817160694
5,0.3954285714285714,0.3,0.007596807551294184,0.15,0.3973482098527328
5,0.3954285714285714,0.3,0.007596807551294184,0.48239918373219925,0.39723026906971826
5,0.3954285714285714,0.3,0.007596807551294184,0.8147983674643985,0.39700002164796566
5,0.3954285714285714,0.3,0.007596807551294184,1.1471975511965977,0.3966807898108642
5,0.3954285714285714,0.3,0.007596807551294184,1.4795967349287968,0.39630567297222896
5,0.3954285714285714,0.3,0.007596807551294184,1.8119959186609962,0.3959147051816472
5,0.3954285714285714,0.3,0.007596807551294184,2.1443951023931955,0.3955509314979473
5,0.3954285714285714,0.3,0.007596807551294184,2.4767942861253944,0.39525561996292513
5,0.3954285714285714,0.3,0.007596807551294184,2.8091934698575938,0.3950631396829485
5,0.3954285714285714,0.3,0.007596807551294184,3.141592653589793,0.3949963124776119
5,0.3954285714285714,0.5,0.01266134591882364,0.15,0.32757724584254233
5,0.3954285714285714,0.5,0.01266134591882364,0.48239918373219925,0.32726210684462664
5,0.3954285714285714,0.5,0.01266134591882364,0.8147983674643985,0.32664516361975915
5,0.3954285714285714,0.5,0.01266134591882364,1.1471975511965977,0.32578601489067016
5,0.3954285714285714,0.5,0.01266134591882364,1.4795967349287968,0.32477083731591416
5,0.3954285714285714,0.5,0.01266134591882364,1.8119959186609962,0.32370626360512933
5,0.3954285714285714,0.5,0.01266134591882364,2.1443951023931955,0.3227097519450288
5,0.3954285714285714,0.5,0.01266134591882364,2.4767942861253944,0.32189652223616516
5,0.3954285714285714,0.5,0.01266134591882364,2.8091934698575938,0.32136440676660305
5,0.3954285714285714,0.5,0.01266134591882364,3.141592653589793,0.32117928010333974
5,0.3954285714285714,0.7,0.017725884286353095,0.15,0.25671068868822977
5,0.3954285714285714,0.7,0.017725884286353095,0.48239918373219925,0.2561181521895066
5,0.3954285714285714,0.7,0.017725884286353095,0.8147983674643985,0.2549553784077794
5,0.3954285714285714,0.7,0.017725884286353095,1.1471975511965977,0.2533300009152146
5,0.3954285714285714,0.7,0.017725884286353095,1.4795967349287968,0.25140028490355837
5,0.3954285714285714,0.7,0.017725884286353095,1.8119959186609962,0.24936603946788116
5,0.3954285714285714,0.7,0.017725884286353095,2.1443951023931955,0.2474520074725246
5,0.3954285714285714,0.7,0.017725884286353095,2.4767942861253944,0.24588297385027436
5,0.3954285714285714,0.7,0.017725884286353095,2.8091934698575938,0.24485290191306008
5,0.3954285714285714,0.7,0.017725884286353095,3.141592653589793,0.2444939000275268
5,0.3954285714285714,0.85,0.021524288062000185,0.15,0.20282773291382794
5,0.3954285714285714,0.85,0.021524288062000185,0.48239918373219925,0.201982508633902
5,0.3954285714285714,0.85,0.021524288062000185,0.8147983674643985,0.2003213370713084
5,0.3954285714285714,0.85,0.021524288062000185,1.1471975511965977,0.19799369267474543
5,0.3954285714285714,0.85,0.021524288062000185,1.4795967349287968,0.19522184341992022
5,0.3954285714285714,0.85,0.021524288062000185,1.8119959186609962,0.19229012213187358
5,0.3954285714285714,0.85,0.021524288062000185,2.1443951023931955,0.18952265331373397
5,0.3954285714285714,0.85,0.021524288062000185,2.4767942861253944,0.18724758802172503
5,0.3954285714285714,0.85,0.021524288062000185,2.8091934698575938,0.18575089233241004
5,0.3954285714285714,0.85,0.021524288062000185,3.141592653589793,0.18522868648303592
5,0.3954285714285714,1.0,0.02532269183764728,0.15,0.14830522776537358
5,0.3954285714285714,1.0,0.02532269183764728,0.48239918373219925,0.14717556043867952
5,0.3954285714285714,1.0,0.02532269183764728,0.8147983674643985,0.14495247268665912
5,0.3954285714285714,1.0,0.02532269183764728,1.1471975511965977,0.14183111724729858
5,0.3954285714285714,1.0,0.02532269183764728,1.4795967349287968,0.13810458688792648
5,0.3954285714285714,1.0,0.02532269183764728,1.8119959186609962,0.13415212688244438
5,0.3954285714285714,1.0,0.02532269183764728,2.1443951023931955,0.13041098425098796
5,0.3954285714285714,1.0,0.02532269183764728,2.4767942861253944,0.12732829710458726
5,0.3954285714285714,1.0,0.02532269183764728,2.8091934698575938,0.12529682531069497
5,0.3954285714285714,1.0,0.02532269183764728,3.141592653589793,0.12458739444795319
5,0.47314285714285714,0.15,0.0069028460391395525,0.15,0.4511629448255907
5,0.47314285714285714,0.15,0.0069028460391395525,0.48239918373219925,0.45111739226160164
5,0.47314285714285714,0.15,0.0069028460391395525,0.8147983674643985,0.45102852250748526
5,0.47314285714285714,0.15,0.0069028460391395525,1.1471975511965977,0.4509054362368037
5,0.47314285714285714,0.15,0.0069028460391395525,1.4795967349287968,0.45076099319648355
5,0.47314285714285714,0.15,0.0069028460391395525,1.8119959186609962,0.4506106645306862
5,0.47314285714285714,0.15,0.0069028460391395525,2.1443951023931955,0.45047099052041095
5,0.47314285714285714,0.15,0.0069028460391395525,2.4767942861253944,0.45035774288446206
5,0.47314285714285714,0.15,0.0069028460391395525,2.8091934698575938,0.4502839965840064
5,0.47314285714285714,0.15,0.0069028460391395525,3.141592653589793,0.4502584049490639
5,0.47314285714285714,0.3,0.013805692078279105,0.15,0.4012848221154124
5,0.47314285714285714,0.3,0.013805692078279105,0.48239918373219925,0.4011075552748691
5,0.47314285714285714,0.3,0.013805692078279105,0.8147983674643985,0.4007603808368059
5,0.47314285714285714,0.3,0.013805692078279105,1.1471975511965977,0.4002765930951213
5,0.47314285714285714,0.3,0.013805692078279105,1.4795967349287968,0.399704462705309
5,0.47314285714285714,0.3,0.013805692078279105,1.8119959186609962,0.3991039210992806
5,0.47314285714285714,0.3,0.013805692078279105,2.1443951023931955,0.39854123221808946
5,0.47314285714285714,0.3,0.013805692078279105,2.4767942861253944,0.39808163943587593
5,0.47314285714285714,0.3,0.013805692078279105,2.8091934698575938,0.397780721697218
5,0.47314285714285714,0.3,0.013805692078279105,3.141592653589793,0.3976759937617109
5,0.47314285714285714,0.5,0.023009486797131842,0.15,0.33310711665850246
5,0.47314285714285714,0.5,0.023009486797131842,0.48239918373219925,0.3326338752357825
5,0.47314285714285714,0.5,0.023009486797131842,0.8147983674643985,0.33170284407406614
5,0.47314285714285714,0.5,0.023009486797131842,1.1471975511965977,0.3303961393478123
5,0.47314285714285714,0.5,0.023009486797131842,1.4795967349287968,0.32883672392809093
5,0.47314285714285714,0.5,0.023009486797131842,1.8119959186609962,0.32718329328953377
5,0.47314285714285714,0.5,0.023009486797131842,2.1443951023931955,0.32561853605919633
5,0.47314285714285714,0.5,0.023009486797131842,2.4767942861253944,0.32432922565953715
5,0.47314285714285714,0.5,0.023009486797131842,2.8091934698575938,0.3234795365416421
5,0.47314285714285714,0.5,0.023009486797131842,3.141592653589793,0.3231827924860806
5,0.47314285714285714,0.7,0.03221328151598458,0.15,0.26294554504264767
5,0.47314285714285714,0.7,0.03221328151598458,0.48239918373219925,0.2620575292178462
5,0.47314285714285714,0.7,0.03221328151598458,0.8147983674643985,0.26030389403696996
5,0.47314285714285714,0.7,0.03221328151598458,1.1471975511965977,0.257827917672508
5,0.47314285714285714,0.7,0.03221328151598458,1.4795967349287968,0.25485059387299414
5,0.47314285714285714,0.7,0.03221328151598458,1.8119959186609962,0.25166708282548145
5,0.47314285714285714,0.7,0.03221328151598458,2.1443951023931955,0.2486290813780434
5,0.47314285714285714,0.7,0.03221328151598458,2.4767942861253944,0.24610749822119216
5,0.47314285714285714,0.7,0.03221328151598458,2.8091934698575938,0.24443666841955292
5,0.47314285714285714,0.7,0.03221328151598458,3.141592653589793,0.24385146238479716
5,0.47314285714285714,0.85,0.03911612755512413,0.15,0.20897345595551386
5,0.47314285714285714,0.85,0.03911612755512413,0.48239918373219925,0.20770976591442736
5,0.47314285714285714,0.85,0.03911612755512413,0.8147983674643985,0.2052084372625087
5,0.47314285714285714,0.85,0.03911612755512413,1.1471975511965977,0.20166376505946038
5,0.47314285714285714,0.85,0.03911612755512413,1.4795967349287968,0.1973814771975324
5,0.47314285714285714,0.85,0.03911612755512413,1.8119959186609962,0.19277909555104555
5,0.47314285714285714,0.85,0.03911612755512413,2.1443951023931955,0.18836490600681688
5,0.47314285714285714,0.85,0.03911612755512413,2.4767942861253944,0.1846850005544931
5,0.47314285714285714,0.85,0.03911612755512413,2.8091934698575938,0.18223878676894345
5,0.47314285714285714,0.85,0.03911612755512413,3.141592653589793,0.18138054155978267
5,0.47314285714285714,1.0,0.046018973594263685,0.15,0.15380341448420576
5,0.47314285714285714,1.0,0.046018973594263685,0.48239918373219925,0.15211996450816345
5,0.47314285714285714,1.0,0.046018973594263685,0.8147983674643985,0.14878143620926343
5,0.47314285714285714,1.0,0.046018973594263685,1.1471975511965977,0.14403623666299437
5,0.47314285714285714,1.0,0.046018973594263685,1.4795967349287968,0.1382821892450523
5,0.47314285714285714,1.0,0.046018973594263685,1.8119959186609962,0.1320729279256454
5,0.47314285714285714,1.0,0.046018973594263685,2.1443951023931955,0.12609421999969195
5,0.47314285714285714,1.0,0.046018973594263685,2.4767942861253944,0.12109338649459511
5,0.47314285714285714,1.0,0.046018973594263685,2.8091934698575938,0.11776105100880963
5,0.47314285714285714,1.0,0.046018973594263685,3.141592653589793,0.11659043673491643
5,0.5508571428571428,0.15,0.012197130371640686,0.15,0.45489988607914156
5,0.5508571428571428,0.15,0.012197130371640686,0.48239918373219925,0.4548318600530039
5,0.5508571428571428,0.15,0.012197130371640686,0.8147983674643985,0.45469877717036344
5,0.5508571428571428,0.15,0.012197130371640686,1.1471975511965977,0.4545136448100997
5,0.5508571428571428,0.15,0.012197130371640686,1.4795967349287968,0.4542951816888423
5,0.5508571428571428,0.15,0.012197130371640686,1.8119959186609962,0.4540664197478732
5,0.5508571428571428,0.15,0.012197130371640686,2.1443951023931955,0.45385258340238854
5,0.5508571428571428,0.15,0.012197130371640686,2.4767942861253944,0.4536782868485074
5,0.5508571428571428,0.15,0.012197130371640686,2.8091934698575938,0.45356434089460973
5,0.5508571428571428,0.15,0.012197130371640686,3.141592653589793,0.4535247167066885
5,0.5508571428571428,0.3,0.02439426074328137,0.15,0.40807582064645875
5,0.5508571428571428,0.3,0.02439426074328137,0.48239918373219925,0.4078102229466891
5,0.5508571428571428,0.3,0.02439426074328137,0.8147983674643985,0.40728732194442485
5,0.5508571428571428,0.3,0.02439426074328137,1.1471975511965977,0.4065525733481532
5,0.5508571428571428,0.3,0.02439426074328137,1.4795967349287968,0.40567439586873544
5,0.5508571428571428,0.3,0.02439426074328137,1.8119959186609962,0.4047416571536213
5,0.5508571428571428,0.3,0.02439426074328137,2.1443951023931955,0.4038573742629772
5,0.5508571428571428,0.3,0.02439426074328137,2.4767942861253944,0.40312758465801934
5,0.5508571428571428,0.3,0.02439426074328137,2.8091934698575938,0.40264604762718204
5,0.5508571428571428,0.3,0.02439426074328137,3.141592653589793,0.40247776542163405
5,0.5508571428571428,0.5,0.040657101238802285,0.15,0.34279700303637983
5,0.5508571428571428,0.5,0.040657101238802285,0.48239918373219925,0.3420855180009168
5,0.5508571428571428,0.5,0.040657101238802285,0.8147983674643985,0.3406745450386772
5,0.5508571428571428,0.5,0.040657101238802285,1.1471975511965977,0.3386688191535636
5,0.5508571428571428,0.5,0.040657101238802285,1.4795967349287968,0.33623569758920047
5,0.5508571428571428,0.5,0.040657101238802285,1.8119959186609962,0.3336080321283017
5,0.5508571428571428,0.5,0.040657101238802285,2.1443951023931955,0.3310750121992927
5,0.5508571428571428,0.5,0.040657101238802285,2.4767942861253944,0.3289534382449748
5,0.5508571428571428,0.5,0.040657101238802285,2.8091934698575938,0.32753799722054433
5,0.5508571428571428,0.5,0.040657101238802285,3.141592653589793,0.3270404071656734
5,0.5508571428571428,0.7,0.056919941734323194,0.15,0.2740391365002084
5,0.5508571428571428,0.7,0.056919941734323194,0.48239918373219925,0.272701358869772
5,0.5508571428571428,0.7,0.056919941734323194,0.8147983674643985,0.27003271173103793
5,0.5508571428571428,0.7,0.056919941734323194,1.1471975511965977,0.26620344104657057
5,0.5508571428571428,0.7,0.056919941734323194,1.4795967349287968,0.2615021019984627
5,0.5508571428571428,0.7,0.056919941734323194,1.8119959186609962,0.2563562275098763
5,0.5508571428571428,0.7,0.056919941734323194,2.1443951023931955,0.25132883128356265
5,0.5508571428571428,0.7,0.056919941734323194,2.4767942861253944,0.24706806702253004
5,0.5508571428571428,0.7,0.056919941734323194,2.8091934698575938,0.24420035598641676
5,0.5508571428571428,0.7,0.056919941734323194,3.141592653589793,0.24318749821212848
5,0.5508571428571428,0.85,0.06911707210596388,0.15,0.22002633043622444
5,0.5508571428571428,0.85,0.06911707210596388,0.48239918373219925,0.2181218954924662
5,0.5508571428571428,0.85,0.06911707210596388,0.8147983674643985,0.2143096663959585
5,0.5508571428571428,0.85,0.06911707210596388,1.1471975511965977,0.20880935944848922
5,0.5508571428571428,0.85,0.06911707210596388,1.4795967349287968,0.20200939074736501
5,0.5508571428571428,0.85,0.06911707210596388,1.8119959186609962,0.19450945574625678
5,0.5508571428571428,0.85,0.06911707210596388,2.1443951023931955,0.18712753468123333
5,0.5508571428571428,0.85,0.06911707210596388,2.4767942861253944,0.18083127975869195
5,0.5508571428571428,0.85,0.06911707210596388,2.8091934698575938,0.1765739602035783
5,0.5508571428571428,0.85,0.06911707210596388,3.141592653589793,0.17506666864597764
5,0.5508571428571428,1.0,0.08131420247760457,0.15,0.16378124244164605
5,0.5508571428571428,1.0,0.08131420247760457,0.48239918373219925,0.16124634874679278
5,0.5508571428571428,1.0,0.08131420247760457,0.8147983674643985,0.1561586914821318
5,0.5508571428571428,1.0,0.08131420247760457,1.1471975511965977,0.14878797539191857
5,0.5508571428571428,1.0,0.08131420247760457,1.4795967349287968,0.13962941744430069
5,0.5508571428571428,1.0,0.08131420247760457,1.8119959186609962,0.12947396738596595
5,0.5508571428571428,1.0,0.08131420247760457,2.1443951023931955,0.1194288664304306
5,0.5508571428571428,1.0,0.08131420247760457,2.4767942861253944,0.11082711174891413
5,0.5508571428571428,1.0,0.08131420247760457,2.8091934698575938,0.10499531661768757
5,0.5508571428571428,1.0,0.08131420247760457,3.141592653589793,0.1029278607368802
5,0.6285714285714286,0.15,0.021491098347966316,0.15,0.4626205407078636
5,0.6285714285714286,0.15,0.021491098347966316,0.48239918373219925,0.4625242853682805
5,0.6285714285714286,0.15,0.021491098347966316,0.8147983674643985,0.46233501872813854
5,0.6285714285714286,0.15,0.021491098347966316,1.1471975511965977,0.46206960197504987
5,0.6285714285714286,0.15,0.021491098347966316,1.4795967349287968,0.46175317558344453
5,0.6285714285714286,0.15,0.021491098347966316,1.8119959186609962,0.4614180326972923
5,0.6285714285714286,0.15,0.021491098347966316,2.1443951023931955,0.4611011845004598
5,0.6285714285714286,0.15,0.021491098347966316,2.4767942861253944,0.46084033197647223
5,0.6285714285714286,0.15,0.021491098347966316,2.8091934698575938,0.46066852646579437
5,0.6285714285714286,0.15,0.021491098347966316,3.141592653589793,0.4606085439788521
5,0.6285714285714286,0.3,0.04298219669593263,0.15,0.42265319712649463
5,0.6285714285714286,0.3,0.04298219669593263,0.48239918373219925,0.42227365224025704
5,0.6285714285714286,0.3,0.04298219669593263,0.8147983674643985,0.42151922633016925
5,0.6285714285714286,0.3,0.04298219669593263,1.1471975511965977,0.4204427696472717
5,0.6285714285714286,0.3,0.04298219669593263,1.4795967349287968,0.41913047094475764
5,0.6285714285714286,0.3,0.04298219669593263,1.8119959186609962,0.41770511169047175
5,0.6285714285714286,0.3,0.04298219669593263,2.1443951023931955,0.41632290860093946
5,0.6285714285714286,0.3,0.04298219669593263,2.4767942861253944,0.41515890156247215
5,0.6285714285714286,0.3,0.04298219669593263,2.8091934698575938,0.41437905416757337
5,0.6285714285714286,0.3,0.04298219669593263,3.141592653589793,0.41410427573451214
5,0.6285714285714286,0.5,0.07163699449322106,0.15,0.3648763819625014
5,0.6285714285714286,0.5,0.07163699449322106,0.48239918373219925,0.36384683949643026
5,0.6285714285714286,0.5,0.07163699449322106,0.8147983674643985,0.3617750998634699
5,0.6285714285714286,0.5,0.07163699449322106,1.1471975511965977,0.3587597990074973
5,0.6285714285714286,0.5,0.07163699449322106,1.4795967349287968,0.354987583760376
5,0.6285714285714286,0.5,0.07163699449322106,1.8119959186609962,0.3507674173648647
5,0.6285714285714286,0.5,0.07163699449322106,2.1443951023931955,0.3465495067304394
5,0.6285714285714286,0.5,0.07163699449322106,2.4767942861253944,0.34289927487592786
5,0.6285714285714286,0.5,0.07163699449322106,2.8091934698575938,0.34040258432624726
5,0.6285714285714286,0.5,0.07163699449322106,3.141592653589793,0.33951298394315876
5,0.6285714285714286,0.7,0.10029179229050947,0.15,0.30129537401835305
5,0.6285714285714286,0.7,0.10029179229050947,0.48239918373219925,0.2993373124446099
5,0.6285714285714286,0.7,0.10029179229050947,0.8147983674643985,0.29535894281442787
5,0.6285714285714286,0.7,0.10029179229050947,1.1471975511965977,0.28947779090343495
5,0.6285714285714286,0.7,0.10029179229050947,1.4795967349287968,0.281969780041772
5,0.6285714285714286,0.7,0.10029179229050947,1.8119959186609962,0.27337464970321856
5,0.6285714285714286,0.7,0.10029179229050947,2.1443951023931955,0.26458239848483367
5,0.6285714285714286,0.7,0.10029179229050947,2.4767942861253944,0.25681558270670757
5,0.6285714285714286,0.7,0.10029179229050947,2.8091934698575938,0.25142160789473267
5,0.6285714285714286,0.7,0.10029179229050947,3.141592653589793,0.2494840708242232
5,0.6285714285714286,0.85,0.12178289063847579,0.15,0.24928093092771308
5,0.6285714285714286,0.85,0.12178289063847579,0.48239918373219925,0.24647244428442772
5,0.6285714285714286,0.85,0.12178289063847579,0.8147983674643985,0.2407354039260161
5,0.6285714285714286,0.85,0.12178289063847579,1.1471975511965977,0.23218151623004046
5,0.6285714285714286,0.85,0.12178289063847579,1.4795967349287968,0.22114238570822486
5,0.6285714285714286,0.85,0.12178289063847579,1.8119959186609962,0.20835514490274587
5,0.6285714285714286,0.85,0.12178289063847579,2.1443951023931955,0.19512887264954992
5,0.6285714285714286,0.85,0.12178289063847579,2.4767942861253944,0.18334060782490536
5,0.6285714285714286,0.85,0.12178289063847579,2.8091934698575938,0.17510529082290227
5,0.6285714285714286,0.85,0.12178289063847579,3.141592653589793,0.17213874508839933
5,0.6285714285714286,1.0,0.1432739889864421,0.15,0.19307953735601524
5,0.6285714285714286,1.0,0.1432739889864421,0.48239918373219925,0.18931795607599766
5,0.6285714285714286,1.0,0.1432739889864421,0.8147983674643985,0.18160539382708074
5,0.6285714285714286,1.0,0.1432739889864421,1.1471975511965977,0.17004037854082865
5,0.6285714285714286,1.0,0.1432739889864421,1.4795967349287968,0.15501470505666703
5,0.6285714285714286,1.0,0.1432739889864421,1.8119959186609962,0.13749759924561733
5,0.6285714285714286,1.0,0.1432739889864421,2.1443951023931955,0.11929255760899915
5,0.6285714285714286,1.0,0.1432739889864421,2.4767942861253944,0.10302844195323302
5,0.6285714285714286,1.0,0.1432739889864421,2.8091934698575938,0.0916623667651646
5,0.6285714285714286,1.0,0.1432739889864421,3.141592653589793,0.08756966865965388
5,0.7062857142857143,0.15,0.03910520383578219,0.15,0.4775494905123263
5,0.7062857142857143,0.15,0.03910520383578219,0.48239918373219925,0.4774440031530396
5,0.7062857142857143,0.15,0.03910520383578219,0.8147983674643985,0.4772344730856708
5,0.7062857142857143,0.15,0.03910520383578219,1.1471975511965977,0.4769358352222892
5,0.7062857142857143,0.15,0.03910520383578219,1.4795967349287968,0.47657227127185453
5,0.7062857142857143,0.15,0.03910520383578219,1.8119959186609962,0.4761779742964676
5,0.7062857142857143,0.15,0.03910520383578219,2.1443951023931955,0.4757961633191954
5,0.7062857142857143,0.15,0.03910520383578219,2.4767942861253944,0.4754750153677325
5,0.7062857142857143,0.15,0.03910520383578219,2.8091934698575938,0.475260043872785
5,0.7062857142857143,0.15,0.03910520383578219,3.141592653589793,0.47518433315851705
5,0.7062857142857143,0.3,0.07821040767156438,0.15,0.45211120450714604
5,0.7062857142857143,0.3,0.07821040767156438,0.48239918373219925,0.45168582962347403
5,0.7062857142857143,0.3,0.07821040767156438,0.8147983674643985,0.45082396539392633
5,0.7062857142857143,0.3,0.07821040767156438,1.1471975511965977,0.44955518223802104
5,0.7062857142857143,0.3,0.07821040767156438,1.4795967349287968,0.44794305452274785
5,0.7062857142857143,0.3,0.07821040767156438,1.8119959186609962,0.4461053472057688
5,0.7062857142857143,0.3,0.07821040767156438,2.1443951023931955,0.44423089458475373
5,0.7062857142857143,0.3,0.07821040767156438,2.4767942861253944,0.4425768632104947
5,0.7062857142857143,0.3,0.07821040767156438,2.8091934698575938,0.4414278445199793
5,0.7062857142857143,0.3,0.07821040767156438,3.141592653589793,0.4410148713253348
5,0.7062857142857143,0.5,0.1303506794526073,0.15,0.41247399808389495
5,0.7062857142857143,0.5,0.1303506794526073,0.48239918373219925,0.4112827916687758
5,0.7062857142857143,0.5,0.1303506794526073,0.8147983674643985,0.4088148644126375
5,0.7062857142857143,0.5,0.1303506794526073,1.1471975511965977,0.4050445242892491
5,0.7062857142857143,0.5,0.1303506794526073,1.4795967349287968,0.4000061097099039
5,0.7062857142857143,0.5,0.1303506794526073,1.8119959186609962,0.3939031939441491
5,0.7062857142857143,0.5,0.1303506794526073,2.1443951023931955,0.38725694725430415
5,0.7062857142857143,0.5,0.1303506794526073,2.4767942861253944,0.3810163469755796
5,0.7062857142857143,0.5,0.1303506794526073,2.8091934698575938,0.37646313771023854
5,0.7062857142857143,0.5,0.1303506794526073,3.141592653589793,0.3747815931252838
5,0.7062857142857143,0.7,0.18249095123365022,0.15,0.36448475296393434
5,0.7062857142857143,0.7,0.18249095123365022,0.48239918373219925,0.36213964152607003
5,0.7062857142857143,0.7,0.18249095123365022,0.8147983674643985,0.35719823553924024
5,0.7062857142857143,0.7,0.18249095123365022,1.1471975511965977,0.3494320894369256
5,0.7062857142857143,0.7,0.18249095123365022,1.4795967349287968,0.33864348974265757
5,0.7062857142857143,0.7,0.18249095123365022,1.8119959186609962,0.324952689791715
5,0.7062857142857143,0.7,0.18249095123365022,2.1443951023931955,0.3092929009858254
5,0.7062857142857143,0.7,0.18249095123365022,2.4767942861253944,0.293924484106622
5,0.7062857142857143,0.7,0.18249095123365022,2.8091934698575938,0.28234422999098463
5,0.7062857142857143,0.7,0.18249095123365022,3.141592653589793,0.27799654031650567
5,0.7062857142857143,0.85,0.22159615506943242,0.15,0.32137681056432776
5,0.7062857142857143,0.85,0.22159615506943242,0.48239918373219925,0.3179178148689641
5,0.7062857142857143,0.85,0.22159615506943242,0.8147983674643985,0.3105652991424763
5,0.7062857142857143,0.85,0.22159615506943242,1.1471975511965977,0.29884246775540224
5,0.7062857142857143,0.85,0.22159615506943242,1.4795967349287968,0.28224822498787794
5,0.7062857142857143,0.85,0.22159615506943242,1.8119959186609962,0.26075442115012404
5,0.7062857142857143,0.85,0.22159615506943242,2.1443951023931955,0.23573377567157006
5,0.7062857142857143,0.85,0.22159615506943242,2.4767942861253944,0.2109315876248654
5,0.7062857142857143,0.85,0.22159615506943242,2.8091934698575938,0.1922112976316388
5,0.7062857142857143,0.85,0.22159615506943242,3.141592653589793,0.18519636379467164
5,0.7062857142857143,1.0,0.2607013589052146,0.15,0.2703844839040943
5,0.7062857142857143,1.0,0.2607013589052146,0.48239918373219925,0.26561066494422203
5,0.7062857142857143,1.0,0.2607013589052146,0.8147983674643985,0.25541186942162364
5,0.7062857142857143,1.0,0.2607013589052146,1.1471975511965977,0.23902576112259832
5,0.7062857142857143,1.0,0.2607013589052146,1.4795967349287968,0.21563689895490423
5,0.7062857142857143,1.0,0.2607013589052146,1.8119959186609962,0.18518313335030467
5,0.7062857142857143,1.0,0.2607013589052146,2.1443951023931955,0.14982503842793427
5,0.7062857142857143,1.0,0.2607013589052146,2.4767942861253944,0.11521969136345622
5,0.7062857142857143,1.0,0.2607013589052146,2.8091934698575938,0.08956986043262116
5,0.7062857142857143,1.0,0.2607013589052146,3.141592653589793,0.08008428299970216
5,0.784,0.15,1.5041434221485516e-07,0.15,0.4999996684489796
5,0.784,0.15,1.5041434221485516e-07,0.48239918373219925,0.4999999893252933
5,0.784,0.15,1.5041434221485516e-07,0.8147983674643985,0.499999991381882
5,0.784,0.15,1.5041434221485516e-07,1.1471975511965977,0.5000000049749023
5,0.784,0.15,1.5041434221485516e-07,1.4795967349287968,0.4999999925529628
5,0.784,0.15,1.5041434221485516e-07,1.8119959186609962,0.49999999535317596
5,0.784,0.15,1.5041434221485516e-07,2.1443951023931955,0.4999999944223241
5,0.784,0.15,1.5041434221485516e-07,2.4767942861253944,0.49999999596304545
5,0.784,0.15,1.5041434221485516e-07,2.8091934698575938,0.4999999963419348
5,0.784,0.15,1.5041434221485516e-07,3.141592653589793,0.4999999965798181
5,0.784,0.3,3.008286844297103e-07,0.15,0.4999999035447664
5,0.784,0.3,3.008286844297103e-07,0.48239918373219925,0.49999999262169603
5,0.784,0.3,3.008286844297103e-07,0.8147983674643985,0.4999999889597706
5,0.784,0.3,3.008286844297103e-07,1.1471975511965977,0.4999999962506383
5,0.784,0.3,3.008286844297103e-07,1.4795967349287968,0.49999999616497415
5,0.784,0.3,3.008286844297103e-07,1.8119959186609962,0.49999999411434404
5,0.784,0.3,3.008286844297103e-07,2.1443951023931955,0.49999999381732874
5,0.784,0.3,3.008286844297103e-07,2.4767942861253944,0.4999999940373774
5,0.784,0.3,3.008286844297103e-07,2.8091934698575938,0.49999999437768916
5,0.784,0.3,3.008286844297103e-07,3.141592653589793,0.49999999367631154
5,0.784,0.5,5.013811407161839e-07,0.15,0.49999996283851456
5,0.784,0.5,5.013811407161839e-07,0.48239918373219925,0.49999998364950304
5,0.784,0.5,5.013811407161839e-07,0.8147983674643985,0.499999995133418
5,0.784,0.5,5.013811407161839e-07,1.1471975511965977,0.4999999908009898
5,0.784,0.5,5.013811407161839e-07,1.4795967349287968,0.4999999899368699
5,0.784,0.5,5.013811407161839e-07,1.8119959186609962,0.4999999898410734
5,0.784,0.5,5.013811407161839e-07,2.1443951023931955,0.4999999900441767
5,0.784,0.5,5.013811407161839e-07,2.4767942861253944,0.4999999902031793
5,0.784,0.5,5.013811407161839e-07,2.8091934698575938,0.4999999899373826
5,0.784,0.5,5.013811407161839e-07,3.141592653589793,0.4999999899279868
5,0.784,0.7,7.019335970026574e-07,0.15,0.49999999208293167
5,0.784,0.7,7.019335970026574e-07,0.48239918373219925,0.4999999927879797
5,0.784,0.7,7.019335970026574e-07,0.8147983674643985,0.49999998619489183
5,0.784,0.7,7.019335970026574e-07,1.1471975511965977,0.4999999851006891
5,0.784,0.7,7.019335970026574e-07,1.4795967349287968,0.49999998572733206
5,0.784,0.7,7.019335970026574e-07,1.8119959186609962,0.4999999858742099
5,0.784,0.7,7.019335970026574e-07,2.1443951023931955,0.4999999861206488
5,0.784,0.7,7.019335970026574e-07,2.4767942861253944,0.4999999865813982
5,0.784,0.7,7.019335970026574e-07,2.8091934698575938,0.4999999866462361
5,0.784,0.7,7.019335970026574e-07,3.141592653589793,0.49999998691777137
5,0.784,0.85,8.523479392175126e-07,0.15,0.499999943256638
5,0.784,0.85,8.523479392175126e-07,0.48239918373219925,0.49999998543104596
5,0.784,0.85,8.523479392175126e-07,0.8147983674643985,0.49999998312088034
5,0.784,0.85,8.523479392175126e-07,1.1471975511965977,0.49999998249523503
5,0.784,0.85,8.523479392175126e-07,1.4795967349287968,0.4999999825630117
5,0.784,0.85,8.523479392175126e-07,1.8119959186609962,0.4999999834037334
5,0.784,0.85,8.523479392175126e-07,2.1443951023931955,0.49999998338064566
5,0.784,0.85,8.523479392175126e-07,2.4767942861253944,0.4999999834131519
5,0.784,0.85,8.523479392175126e-07,2.8091934698575938,0.49999998351497044
5,0.784,0.85,8.523479392175126e-07,3.141592653589793,0.4999999839274252
5,0.784,1.0,1.0027622814323678e-06,0.15,0.49999994016722993
5,0.784,1.0,1.0027622814323678e-06,0.48239918373219925,0.4999999773892527
5,0.784,1.0,1.0027622814323678e-06,0.8147983674643985,0.49999997742149693
5,0.784,1.0,1.0027622814323678e-06,1.1471975511965977,0.4999999799340129
5,0.784,1.0,1.0027622814323678e-06,1.4795967349287968,0.49999998094434983
5,0.784,1.0,1.0027622814323678e-06,1.8119959186609962,0.499999980409058
5,0.784,1.0,1.0027622814323678e-06,2.1443951023931955,0.4999999807069837
5,0.784,1.0,1.0027622814323678e-06,2.4767942861253944,0.49999998074158825
5,0.784,1.0,1.0027622814323678e-06,2.8091934698575938,0.4999999807338096
5,0.784,1.0,1.0027622814323678e-06,3.141592653589793,0.4999999804095465
